,Day,Month,Year,DAP,Stage,WC(1.50),Rain,Irri,Surf,Infilt,RO,Drain,CR,Zgwt,Ex,E,E/Ex,Trx,Tr,Tr/Trx,ETx,ET,ET/ETx,GD,Z,StExp,StSto,StSen,StSalt,StWeed,CC,CCw,StTr,Kc(Tr),Trx.1,Tr.1,TrW,Tr/Trx.1,WP,Biomass,HI,Y(dry),Y(fresh),Brelative,WPet,Bin,Bout,WC(1.50).1,Wr(1.50),Z.1,Wr,Wr(SAT),Wr(FC),Wr(exp),Wr(sto),Wr(sen),Wr(PWP),SaltIn,SaltOut,SaltUp,Salt(1.50)  SaltZ,Z.2,ECe,ECsw,StSalt.1,Zgwt.1,ECgw,WC01,WC 2,WC 3,WC 4,WC 5,WC 6,WC 7,WC 8,WC 9,WC10,WC11,WC12,ECe01,ECe 2,ECe 3,ECe 4,ECe 5,ECe 6,ECe 7,ECe 8,ECe 9,ECe10,ECe11,ECe12,Rain.1,ETo,Tmin,Tavg,Tmax,CO2
0,1,4,1991,-9,0,477.8,0.0,0.0,0.0,0.0,0.0,0.0,0.0,10.0,1.7,1.6,95,0.0,0.0,100,1.7,1.6,95,0.7,0.0,-9,-9,-9,-9,-9,0.0,0.0,0,-9.0,0.0,0.0,0.0,100,0.0,0.0,-9.9,0.0,0.0,-9,0.0,0.0,0.0,477.8,-9.9,0.0,-9.9,-9.9,-9.9,-9.9,-9.9,-9.9,-9.9,0.0,0.0,0.0,0.000    -9.000,0.0,-9.0,-9.0,0,10.0,0.0,43.4,45.0,43.2,42.1,35.3,34.3,34.2,30.1,23.0,23.0,23.0,23.0,0.0,0.0,0.0,0.0,0.0,0.0,0.0,0.0,0.0,0.0,0.0,0.0,0.0,1.5,-2.6,0.7,4.1,355.7
1,2,4,1991,-9,0,477.0,0.0,0.0,0.0,0.0,0.0,0.0,0.0,10.0,1.0,0.9,87,0.0,0.0,100,1.0,0.9,87,2.2,0.0,-9,-9,-9,-9,-9,0.0,0.0,0,-9.0,0.0,0.0,0.0,100,0.0,0.0,-9.9,0.0,0.0,-9,0.0,0.0,0.0,477.0,-9.9,0.0,-9.9,-9.9,-9.9,-9.9,-9.9,-9.9,-9.9,0.0,0.0,0.0,0.000    -9.000,0.0,-9.0,-9.0,0,10.0,0.0,42.6,45.0,43.1,42.1,34.5,34.1,34.1,31.0,23.0,23.0,23.0,23.0,0.0,0.0,0.0,0.0,0.0,0.0,0.0,0.0,0.0,0.0,0.0,0.0,0.0,0.9,-1.8,2.2,6.3,355.7
2,3,4,1991,-9,0,475.8,0.0,0.0,0.0,0.0,0.0,0.0,0.0,10.0,1.4,1.2,81,0.0,0.0,100,1.4,1.2,81,5.7,0.0,-9,-9,-9,-9,-9,0.0,0.0,0,-9.0,0.0,0.0,0.0,100,0.0,0.0,-9.9,0.0,0.0,-9,0.0,0.0,0.0,475.8,-9.9,0.0,-9.9,-9.9,-9.9,-9.9,-9.9,-9.9,-9.9,0.0,0.0,0.0,0.000    -9.000,0.0,-9.0,-9.0,0,10.0,0.0,41.4,45.0,43.0,42.0,34.2,34.1,34.1,31.3,23.0,23.0,23.0,23.0,0.0,0.0,0.0,0.0,0.0,0.0,0.0,0.0,0.0,0.0,0.0,0.0,0.0,1.3,0.3,5.7,11.0,355.7
3,4,4,1991,-9,0,474.0,0.0,0.0,0.0,0.0,0.0,0.0,0.0,10.0,2.5,1.8,73,0.0,0.0,100,2.5,1.8,73,6.8,0.0,-9,-9,-9,-9,-9,0.0,0.0,0,-9.0,0.0,0.0,0.0,100,0.0,0.0,-9.9,0.0,0.0,-9,0.0,0.0,0.0,474.0,-9.9,0.0,-9.9,-9.9,-9.9,-9.9,-9.9,-9.9,-9.9,0.0,0.0,0.0,0.000    -9.000,0.0,-9.0,-9.0,0,10.0,0.0,39.6,45.0,43.0,42.0,34.1,34.0,34.0,31.5,23.0,23.0,23.0,23.0,0.0,0.0,0.0,0.0,0.0,0.0,0.0,0.0,0.0,0.0,0.0,0.0,0.0,2.3,0.6,6.8,13.1,355.7
4,5,4,1991,-9,0,472.6,0.0,0.0,0.0,0.0,0.0,0.0,0.0,10.0,2.1,1.4,65,0.0,0.0,100,2.1,1.4,65,5.0,0.0,-9,-9,-9,-9,-9,0.0,0.0,0,-9.0,0.0,0.0,0.0,100,0.0,0.0,-9.9,0.0,0.0,-9,0.0,0.0,0.0,472.6,-9.9,0.0,-9.9,-9.9,-9.9,-9.9,-9.9,-9.9,-9.9,0.0,0.0,0.0,0.000    -9.000,0.0,-9.0,-9.0,0,10.0,0.0,38.2,45.0,43.0,42.0,34.0,34.0,34.0,31.6,23.0,23.0,23.0,23.0,0.0,0.0,0.0,0.0,0.0,0.0,0.0,0.0,0.0,0.0,0.0,0.0,0.0,1.9,-0.9,5.0,11.0,355.7
5,6,4,1991,-9,0,472.1,0.0,0.0,0.0,0.0,0.0,0.0,0.0,10.0,0.9,0.5,60,0.0,0.0,100,0.9,0.5,60,3.5,0.0,-9,-9,-9,-9,-9,0.0,0.0,0,-9.0,0.0,0.0,0.0,100,0.0,0.0,-9.9,0.0,0.0,-9,0.0,0.0,0.0,472.1,-9.9,0.0,-9.9,-9.9,-9.9,-9.9,-9.9,-9.9,-9.9,0.0,0.0,0.0,0.000    -9.000,0.0,-9.0,-9.0,0,10.0,0.0,37.7,45.0,43.0,42.0,34.0,34.0,34.0,31.6,23.0,23.0,23.0,23.0,0.0,0.0,0.0,0.0,0.0,0.0,0.0,0.0,0.0,0.0,0.0,0.0,0.0,0.8,0.1,3.5,6.9,355.7
6,7,4,1991,-9,0,472.3,1.1,0.0,0.0,1.1,0.0,0.0,0.0,10.0,0.9,0.9,100,0.0,0.0,100,0.9,0.9,100,3.9,0.0,-9,-9,-9,-9,-9,0.0,0.0,0,-9.0,0.0,0.0,0.0,100,0.0,0.0,-9.9,0.0,0.0,-9,0.0,0.0,0.0,472.3,-9.9,0.0,-9.9,-9.9,-9.9,-9.9,-9.9,-9.9,-9.9,0.0,0.0,0.0,0.000    -9.000,0.0,-9.0,-9.0,0,10.0,0.0,37.9,45.0,43.0,42.0,34.0,34.0,34.0,31.6,23.0,23.0,23.0,23.0,0.0,0.0,0.0,0.0,0.0,0.0,0.0,0.0,0.0,0.0,0.0,0.0,1.1,0.8,0.4,3.9,7.4,355.7
7,8,4,1991,-9,0,470.4,0.0,0.0,0.0,0.0,0.0,0.0,0.0,10.0,2.1,2.0,93,0.0,0.0,100,2.1,2.0,93,5.7,0.0,-9,-9,-9,-9,-9,0.0,0.0,0,-9.0,0.0,0.0,0.0,100,0.0,0.0,-9.9,0.0,0.0,-9,0.0,0.0,0.0,470.4,-9.9,0.0,-9.9,-9.9,-9.9,-9.9,-9.9,-9.9,-9.9,0.0,0.0,0.0,0.000    -9.000,0.0,-9.0,-9.0,0,10.0,0.0,36.0,45.0,43.0,42.0,34.0,34.0,34.0,31.6,23.0,23.0,23.0,23.0,0.0,0.0,0.0,0.0,0.0,0.0,0.0,0.0,0.0,0.0,0.0,0.0,0.0,1.9,2.2,5.7,9.1,355.7
8,9,4,1991,-9,0,468.9,0.0,0.0,0.0,0.0,0.0,0.0,0.0,10.0,1.8,1.4,81,0.0,0.0,100,1.8,1.4,81,7.2,0.0,-9,-9,-9,-9,-9,0.0,0.0,0,-9.0,0.0,0.0,0.0,100,0.0,0.0,-9.9,0.0,0.0,-9,0.0,0.0,0.0,468.9,-9.9,0.0,-9.9,-9.9,-9.9,-9.9,-9.9,-9.9,-9.9,0.0,0.0,0.0,0.000    -9.000,0.0,-9.0,-9.0,0,10.0,0.0,34.5,45.0,43.0,42.0,34.0,34.0,34.0,31.6,23.0,23.0,23.0,23.0,0.0,0.0,0.0,0.0,0.0,0.0,0.0,0.0,0.0,0.0,0.0,0.0,0.0,1.6,1.0,7.2,13.4,355.7
9,10,4,1991,-9,0,467.2,0.0,0.0,0.0,0.0,0.0,0.0,0.0,10.0,2.4,1.7,71,0.0,0.0,100,2.4,1.7,71,7.7,0.0,-9,-9,-9,-9,-9,0.0,0.0,0,-9.0,0.0,0.0,0.0,100,0.0,0.0,-9.9,0.0,0.0,-9,0.0,0.0,0.0,467.2,-9.9,0.0,-9.9,-9.9,-9.9,-9.9,-9.9,-9.9,-9.9,0.0,0.0,0.0,0.000    -9.000,0.0,-9.0,-9.0,0,10.0,0.0,32.8,45.0,43.0,42.0,34.0,34.0,34.0,31.6,23.0,23.0,23.0,23.0,0.0,0.0,0.0,0.0,0.0,0.0,0.0,0.0,0.0,0.0,0.0,0.0,0.0,2.2,1.8,7.7,13.6,355.7
10,11,4,1991,-9,0,465.4,0.0,0.0,0.0,0.0,0.0,0.0,0.0,10.0,3.0,1.8,62,0.0,0.0,100,3.0,1.8,62,7.0,0.0,-9,-9,-9,-9,-9,0.0,0.0,0,-9.0,0.0,0.0,0.0,100,0.0,0.0,-9.9,0.0,0.0,-9,0.0,0.0,0.0,465.4,-9.9,0.0,-9.9,-9.9,-9.9,-9.9,-9.9,-9.9,-9.9,0.0,0.0,0.0,0.000    -9.000,0.0,-9.0,-9.0,0,10.0,0.0,31.0,45.0,43.0,42.0,34.0,34.0,34.0,31.6,23.0,23.0,23.0,23.0,0.0,0.0,0.0,0.0,0.0,0.0,0.0,0.0,0.0,0.0,0.0,0.0,0.0,2.7,-0.6,7.0,14.6,355.7
11,12,4,1991,-9,0,463.6,0.0,0.0,0.0,0.0,0.0,0.0,0.0,10.0,3.3,1.8,53,0.0,0.0,100,3.3,1.8,53,7.7,0.0,-9,-9,-9,-9,-9,0.0,0.0,0,-9.0,0.0,0.0,0.0,100,0.0,0.0,-9.9,0.0,0.0,-9,0.0,0.0,0.0,463.6,-9.9,0.0,-9.9,-9.9,-9.9,-9.9,-9.9,-9.9,-9.9,0.0,0.0,0.0,0.000    -9.000,0.0,-9.0,-9.0,0,10.0,0.0,29.2,45.0,43.0,42.0,34.0,34.0,34.0,31.6,23.0,23.0,23.0,23.0,0.0,0.0,0.0,0.0,0.0,0.0,0.0,0.0,0.0,0.0,0.0,0.0,0.0,3.0,-0.1,7.7,15.4,355.7
12,13,4,1991,-9,0,462.0,0.0,0.0,0.0,0.0,0.0,0.0,0.0,10.0,3.4,1.6,46,0.0,0.0,100,3.4,1.6,46,8.8,0.0,-9,-9,-9,-9,-9,0.0,0.0,0,-9.0,0.0,0.0,0.0,100,0.0,0.0,-9.9,0.0,0.0,-9,0.0,0.0,0.0,462.0,-9.9,0.0,-9.9,-9.9,-9.9,-9.9,-9.9,-9.9,-9.9,0.0,0.0,0.0,0.000    -9.000,0.0,-9.0,-9.0,0,10.0,0.0,27.6,45.0,43.0,42.0,34.0,34.0,34.0,31.6,23.0,23.0,23.0,23.0,0.0,0.0,0.0,0.0,0.0,0.0,0.0,0.0,0.0,0.0,0.0,0.0,0.0,3.1,1.4,8.8,16.2,355.7
13,14,4,1991,-9,0,461.0,0.0,0.0,0.0,0.0,0.0,0.0,0.0,10.0,2.5,1.0,41,0.0,0.0,100,2.5,1.0,41,10.4,0.0,-9,-9,-9,-9,-9,0.0,0.0,0,-9.0,0.0,0.0,0.0,100,0.0,0.0,-9.9,0.0,0.0,-9,0.0,0.0,0.0,461.0,-9.9,0.0,-9.9,-9.9,-9.9,-9.9,-9.9,-9.9,-9.9,0.0,0.0,0.0,0.000    -9.000,0.0,-9.0,-9.0,0,10.0,0.0,26.6,45.0,43.0,42.0,34.0,34.0,34.0,31.6,23.0,23.0,23.0,23.0,0.0,0.0,0.0,0.0,0.0,0.0,0.0,0.0,0.0,0.0,0.0,0.0,0.0,2.3,5.1,10.4,15.8,355.7
14,15,4,1991,-9,0,464.2,4.1,0.0,0.0,4.1,0.0,0.0,0.0,10.0,0.9,0.9,100,0.0,0.0,100,0.9,0.9,100,3.8,0.0,-9,-9,-9,-9,-9,0.0,0.0,0,-9.0,0.0,0.0,0.0,100,0.0,0.0,-9.9,0.0,0.0,-9,0.0,0.0,0.0,464.2,-9.9,0.0,-9.9,-9.9,-9.9,-9.9,-9.9,-9.9,-9.9,0.0,0.0,0.0,0.000    -9.000,0.0,-9.0,-9.0,0,10.0,0.0,29.8,45.0,43.0,42.0,34.0,34.0,34.0,31.6,23.0,23.0,23.0,23.0,0.0,0.0,0.0,0.0,0.0,0.0,0.0,0.0,0.0,0.0,0.0,0.0,4.1,0.8,-1.1,3.8,8.7,355.7
15,16,4,1991,-9,0,469.8,6.6,0.0,0.0,6.6,0.0,0.0,0.0,10.0,1.0,1.0,100,0.0,0.0,100,1.0,1.0,100,4.4,0.0,-9,-9,-9,-9,-9,0.0,0.0,0,-9.0,0.0,0.0,0.0,100,0.0,0.0,-9.9,0.0,0.0,-9,0.0,0.0,0.0,469.8,-9.9,0.0,-9.9,-9.9,-9.9,-9.9,-9.9,-9.9,-9.9,0.0,0.0,0.0,0.000    -9.000,0.0,-9.0,-9.0,0,10.0,0.0,35.4,45.0,43.0,42.0,34.0,34.0,34.0,31.6,23.0,23.0,23.0,23.0,0.0,0.0,0.0,0.0,0.0,0.0,0.0,0.0,0.0,0.0,0.0,0.0,6.6,0.9,-0.8,4.4,9.6,355.7
16,17,4,1991,-9,0,468.9,1.1,0.0,0.0,1.1,0.0,0.0,0.0,10.0,2.1,2.0,98,0.0,0.0,100,2.1,2.0,98,5.2,0.0,-9,-9,-9,-9,-9,0.0,0.0,0,-9.0,0.0,0.0,0.0,100,0.0,0.0,-9.9,0.0,0.0,-9,0.0,0.0,0.0,468.9,-9.9,0.0,-9.9,-9.9,-9.9,-9.9,-9.9,-9.9,-9.9,0.0,0.0,0.0,0.000    -9.000,0.0,-9.0,-9.0,0,10.0,0.0,34.5,45.0,43.0,42.0,34.0,34.0,34.0,31.6,23.0,23.0,23.0,23.0,0.0,0.0,0.0,0.0,0.0,0.0,0.0,0.0,0.0,0.0,0.0,0.0,1.1,1.9,1.9,5.2,8.5,355.7
17,18,4,1991,-9,0,467.4,0.0,0.0,0.0,0.0,0.0,0.0,0.0,10.0,1.8,1.5,86,0.0,0.0,100,1.8,1.5,86,2.3,0.0,-9,-9,-9,-9,-9,0.0,0.0,0,-9.0,0.0,0.0,0.0,100,0.0,0.0,-9.9,0.0,0.0,-9,0.0,0.0,0.0,467.4,-9.9,0.0,-9.9,-9.9,-9.9,-9.9,-9.9,-9.9,-9.9,0.0,0.0,0.0,0.000    -9.000,0.0,-9.0,-9.0,0,10.0,0.0,33.0,45.0,43.0,42.0,34.0,34.0,34.0,31.6,23.0,23.0,23.0,23.0,0.0,0.0,0.0,0.0,0.0,0.0,0.0,0.0,0.0,0.0,0.0,0.0,0.0,1.6,-2.0,2.3,6.6,355.7
18,19,4,1991,-9,0,476.3,9.7,0.0,0.0,9.6,0.1,0.0,0.0,10.0,0.7,0.7,100,0.0,0.0,100,0.7,0.7,100,4.3,0.0,-9,-9,-9,-9,-9,0.0,0.0,0,-9.0,0.0,0.0,0.0,100,0.0,0.0,-9.9,0.0,0.0,-9,0.0,0.0,0.0,476.3,-9.9,0.0,-9.9,-9.9,-9.9,-9.9,-9.9,-9.9,-9.9,0.0,0.0,0.0,0.000    -9.000,0.0,-9.0,-9.0,0,10.0,0.0,41.9,45.0,43.0,42.0,34.0,34.0,34.0,31.6,23.0,23.0,23.0,23.0,0.0,0.0,0.0,0.0,0.0,0.0,0.0,0.0,0.0,0.0,0.0,0.0,9.7,0.6,-1.6,4.3,10.2,355.7
19,20,4,1991,-9,0,479.5,5.0,0.0,0.0,5.0,0.0,0.0,0.0,10.0,1.8,1.8,100,0.0,0.0,100,1.8,1.8,100,11.4,0.0,-9,-9,-9,-9,-9,0.0,0.0,0,-9.0,0.0,0.0,0.0,100,0.0,0.0,-9.9,0.0,0.0,-9,0.0,0.0,0.0,479.5,-9.9,0.0,-9.9,-9.9,-9.9,-9.9,-9.9,-9.9,-9.9,0.0,0.0,0.0,0.000    -9.000,0.0,-9.0,-9.0,0,10.0,0.0,45.1,45.0,43.0,42.0,34.0,34.0,34.0,31.6,23.0,23.0,23.0,23.0,0.0,0.0,0.0,0.0,0.0,0.0,0.0,0.0,0.0,0.0,0.0,0.0,5.0,1.6,4.4,11.4,18.4,355.7
20,21,4,1991,-9,0,484.8,7.1,0.0,0.0,6.8,0.3,0.0,0.0,10.0,1.4,1.4,100,0.0,0.0,100,1.4,1.4,100,3.6,0.0,-9,-9,-9,-9,-9,0.0,0.0,0,-9.0,0.0,0.0,0.0,100,0.0,0.0,-9.9,0.0,0.0,-9,0.0,0.0,0.0,484.8,-9.9,0.0,-9.9,-9.9,-9.9,-9.9,-9.9,-9.9,-9.9,0.0,0.0,0.0,0.000    -9.000,0.0,-9.0,-9.0,0,10.0,0.0,46.6,48.0,43.8,42.0,34.0,34.0,34.0,31.6,23.0,23.0,23.0,23.0,0.0,0.0,0.0,0.0,0.0,0.0,0.0,0.0,0.0,0.0,0.0,0.0,7.1,1.3,-0.9,3.6,8.1,355.7
21,22,4,1991,-9,0,492.7,10.0,0.0,0.0,9.2,0.8,0.0,0.0,10.0,1.3,1.3,100,0.0,0.0,100,1.3,1.3,100,1.6,0.0,-9,-9,-9,-9,-9,0.0,0.0,0,-9.0,0.0,0.0,0.0,100,0.0,0.0,-9.9,0.0,0.0,-9,0.0,0.0,0.0,492.7,-9.9,0.0,-9.9,-9.9,-9.9,-9.9,-9.9,-9.9,-9.9,0.0,0.0,0.0,0.000    -9.000,0.0,-9.0,-9.0,0,10.0,0.0,46.7,48.0,46.0,45.0,34.4,34.3,34.2,32.7,23.0,23.0,23.0,23.0,0.0,0.0,0.0,0.0,0.0,0.0,0.0,0.0,0.0,0.0,0.0,0.0,10.0,1.2,-2.0,1.6,5.2,355.7
22,23,4,1991,-9,0,498.4,9.2,0.0,0.0,8.5,0.7,1.9,0.0,10.0,0.9,0.9,100,0.0,0.0,100,0.9,0.9,100,0.0,0.0,-9,-9,-9,-9,-9,0.0,0.0,0,-9.0,0.0,0.0,0.0,100,0.0,0.0,-9.9,0.0,0.0,-9,0.0,0.0,0.0,498.4,-9.9,0.0,-9.9,-9.9,-9.9,-9.9,-9.9,-9.9,-9.9,0.0,0.0,0.0,0.000    -9.000,0.0,-9.0,-9.0,0,10.0,0.0,47.1,48.0,46.0,44.9,35.8,34.7,34.6,34.4,23.2,23.0,23.0,23.0,0.0,0.0,0.0,0.0,0.0,0.0,0.0,0.0,0.0,0.0,0.0,0.0,9.2,0.8,-3.0,-0.4,2.2,355.7
23,24,4,1991,-9,0,489.9,0.0,0.0,0.0,0.0,0.0,6.4,0.0,10.0,2.1,2.1,100,0.0,0.0,100,2.1,2.1,100,0.2,0.0,-9,-9,-9,-9,-9,0.0,0.0,0,-9.0,0.0,0.0,0.0,100,0.0,0.0,-9.9,0.0,0.0,-9,0.0,0.0,0.0,489.9,-9.9,0.0,-9.9,-9.9,-9.9,-9.9,-9.9,-9.9,-9.9,0.0,0.0,0.0,0.000    -9.000,0.0,-9.0,-9.0,0,10.0,0.0,43.3,45.6,44.3,44.5,35.0,34.9,34.8,34.6,23.1,23.1,23.0,23.0,0.0,0.0,0.0,0.0,0.0,0.0,0.0,0.0,0.0,0.0,0.0,0.0,0.0,1.9,-4.4,0.2,4.8,355.7
24,25,4,1991,-9,0,482.2,0.0,0.0,0.0,0.0,0.0,4.6,0.0,10.0,3.1,3.1,100,0.0,0.0,100,3.1,3.1,100,3.0,0.0,-9,-9,-9,-9,-9,0.0,0.0,0,-9.0,0.0,0.0,0.0,100,0.0,0.0,-9.9,0.0,0.0,-9,0.0,0.0,0.0,482.2,-9.9,0.0,-9.9,-9.9,-9.9,-9.9,-9.9,-9.9,-9.9,0.0,0.0,0.0,0.000    -9.000,0.0,-9.0,-9.0,0,10.0,0.0,40.2,45.1,43.5,43.2,34.4,34.4,34.4,34.4,23.0,23.0,23.0,23.0,0.0,0.0,0.0,0.0,0.0,0.0,0.0,0.0,0.0,0.0,0.0,0.0,0.0,2.8,-2.9,3.0,8.9,355.7
25,26,4,1991,-9,0,478.2,0.0,0.0,0.0,0.0,0.0,2.3,0.0,10.0,1.8,1.8,100,0.0,0.0,100,1.8,1.8,100,3.6,0.0,-9,-9,-9,-9,-9,0.0,0.0,0,-9.0,0.0,0.0,0.0,100,0.0,0.0,-9.9,0.0,0.0,-9,0.0,0.0,0.0,478.2,-9.9,0.0,-9.9,-9.9,-9.9,-9.9,-9.9,-9.9,-9.9,0.0,0.0,0.0,0.000    -9.000,0.0,-9.0,-9.0,0,10.0,0.0,38.5,45.0,43.2,42.6,34.2,34.2,34.2,34.2,23.0,23.0,23.0,23.0,0.0,0.0,0.0,0.0,0.0,0.0,0.0,0.0,0.0,0.0,0.0,0.0,0.0,1.6,-0.6,3.6,7.8,355.7
26,27,4,1991,-9,0,478.3,2.1,0.0,0.0,2.1,0.0,1.0,0.0,10.0,1.0,1.0,100,0.0,0.0,100,1.0,1.0,100,3.9,0.0,-9,-9,-9,-9,-9,0.0,0.0,0,-9.0,0.0,0.0,0.0,100,0.0,0.0,-9.9,0.0,0.0,-9,0.0,0.0,0.0,478.3,-9.9,0.0,-9.9,-9.9,-9.9,-9.9,-9.9,-9.9,-9.9,0.0,0.0,0.0,0.000    -9.000,0.0,-9.0,-9.0,0,10.0,0.0,39.6,45.0,43.1,42.3,34.1,34.1,34.1,34.1,23.0,23.0,23.0,23.0,0.0,0.0,0.0,0.0,0.0,0.0,0.0,0.0,0.0,0.0,0.0,0.0,2.1,0.9,0.6,3.9,7.2,355.7
27,28,4,1991,-9,0,475.3,0.0,0.0,0.0,0.0,0.0,0.4,0.0,10.0,2.8,2.7,97,0.0,0.0,100,2.8,2.7,97,5.6,0.0,-9,-9,-9,-9,-9,0.0,0.0,0,-9.0,0.0,0.0,0.0,100,0.0,0.0,-9.9,0.0,0.0,-9,0.0,0.0,0.0,475.3,-9.9,0.0,-9.9,-9.9,-9.9,-9.9,-9.9,-9.9,-9.9,0.0,0.0,0.0,0.000    -9.000,0.0,-9.0,-9.0,0,10.0,0.0,36.9,45.0,43.0,42.1,34.0,34.0,34.0,34.0,23.0,23.0,23.0,23.0,0.0,0.0,0.0,0.0,0.0,0.0,0.0,0.0,0.0,0.0,0.0,0.0,0.0,2.5,-0.4,5.6,11.6,355.7
28,29,4,1991,-9,0,485.1,11.5,0.0,0.0,11.0,0.5,0.2,0.0,10.0,1.0,1.0,100,0.0,0.0,100,1.0,1.0,100,6.8,0.0,-9,-9,-9,-9,-9,0.0,0.0,0,-9.0,0.0,0.0,0.0,100,0.0,0.0,-9.9,0.0,0.0,-9,0.0,0.0,0.0,485.1,-9.9,0.0,-9.9,-9.9,-9.9,-9.9,-9.9,-9.9,-9.9,0.0,0.0,0.0,0.000    -9.000,0.0,-9.0,-9.0,0,10.0,0.0,47.0,45.0,43.0,42.1,34.0,34.0,34.0,34.0,23.0,23.0,23.0,23.0,0.0,0.0,0.0,0.0,0.0,0.0,0.0,0.0,0.0,0.0,0.0,0.0,11.5,0.9,3.8,6.8,9.8,355.7
29,30,4,1991,-9,0,485.1,2.6,0.0,0.0,2.6,0.0,0.4,0.0,10.0,2.2,2.2,100,0.0,0.0,100,2.2,2.2,100,9.9,0.0,-9,-9,-9,-9,-9,0.0,0.0,0,-9.0,0.0,0.0,0.0,100,0.0,0.0,-9.9,0.0,0.0,-9,0.0,0.0,0.0,485.1,-9.9,0.0,-9.9,-9.9,-9.9,-9.9,-9.9,-9.9,-9.9,0.0,0.0,0.0,0.000    -9.000,0.0,-9.0,-9.0,0,10.0,0.0,45.8,45.3,43.4,42.3,34.1,34.1,34.1,34.0,23.0,23.0,23.0,23.0,0.0,0.0,0.0,0.0,0.0,0.0,0.0,0.0,0.0,0.0,0.0,0.0,2.6,2.0,6.6,9.9,13.3,355.7
30,1,5,1991,1,1,482.1,0.0,0.0,0.0,0.0,0.0,0.7,0.0,10.0,2.4,2.3,95,0.0,0.0,100,2.4,2.3,95,12.1,0.3,-9,-9,-9,0,-9,0.0,0.0,0,-9.0,0.0,0.0,0.0,100,0.0,0.0,-9.9,0.0,0.0,-9,0.0,0.0,0.0,482.1,482.1,0.3,131.2,142.0,133.0,123.1,44.7,83.5,43.0,0.0,0.0,0.0,0.000     0.000,0.3,0.0,0.0,0,10.0,0.0,42.9,45.2,43.2,42.3,34.2,34.1,34.1,34.1,23.0,23.0,23.0,23.0,0.0,0.0,0.0,0.0,0.0,0.0,0.0,0.0,0.0,0.0,0.0,0.0,0.0,2.2,7.0,12.1,17.2,355.7
31,2,5,1991,2,1,482.5,3.5,0.0,0.0,3.5,0.0,0.6,0.0,10.0,2.4,2.4,100,0.0,0.0,100,2.4,2.4,100,13.6,0.3,-9,-9,-9,0,-9,0.0,0.0,0,-9.0,0.0,0.0,0.0,100,0.0,0.0,-9.9,0.0,0.0,-9,0.0,0.0,0.0,482.5,482.5,0.3,132.0,142.0,133.0,123.1,44.7,83.5,43.0,0.0,0.0,0.0,0.000     0.000,0.3,0.0,0.0,0,10.0,0.0,43.9,45.0,43.1,42.1,34.1,34.1,34.1,34.1,23.0,23.0,23.0,23.0,0.0,0.0,0.0,0.0,0.0,0.0,0.0,0.0,0.0,0.0,0.0,0.0,3.5,2.2,9.3,13.6,17.9,355.7
32,3,5,1991,3,1,480.1,0.0,0.0,0.0,0.0,0.0,0.3,0.0,10.0,2.1,2.1,98,0.0,0.0,100,2.1,2.1,98,13.4,0.3,-9,-9,-9,0,-9,0.0,0.0,0,-9.0,0.0,0.0,0.0,100,0.0,0.0,-9.9,0.0,0.0,-9,0.0,0.0,0.0,480.1,480.1,0.3,129.9,142.0,133.0,123.1,44.5,83.5,43.0,0.0,0.0,0.0,0.000     0.000,0.3,0.0,0.0,0,10.0,0.0,41.9,45.0,43.0,42.1,34.0,34.0,34.0,34.0,23.0,23.0,23.0,23.0,0.0,0.0,0.0,0.0,0.0,0.0,0.0,0.0,0.0,0.0,0.0,0.0,0.0,1.9,9.4,13.4,17.4,355.7
33,4,5,1991,4,1,478.4,0.0,0.0,0.0,0.0,0.0,0.1,0.0,10.0,1.8,1.5,88,0.0,0.0,100,1.8,1.5,88,10.8,0.3,-9,-9,-9,0,-9,0.0,0.0,0,-9.0,0.0,0.0,0.0,100,0.0,0.0,-9.9,0.0,0.0,-9,0.0,0.0,0.0,478.4,478.4,0.3,128.3,142.0,133.0,123.1,44.4,83.5,43.0,0.0,0.0,0.0,0.000     0.000,0.3,0.0,0.0,0,10.0,0.0,40.3,45.0,43.0,42.0,34.0,34.0,34.0,34.0,23.0,23.0,23.0,23.0,0.0,0.0,0.0,0.0,0.0,0.0,0.0,0.0,0.0,0.0,0.0,0.0,0.0,1.6,8.0,10.8,13.6,355.7
34,5,5,1991,5,1,480.0,3.4,0.0,0.0,3.4,0.0,0.1,0.0,10.0,1.8,1.8,100,0.0,0.0,100,1.8,1.8,100,12.4,0.3,-9,-9,-9,0,-9,0.0,0.0,0,-9.0,0.0,0.0,0.0,100,0.0,0.0,-9.9,0.0,0.0,-9,0.0,0.0,0.0,480.0,480.0,0.3,130.0,142.0,133.0,123.1,44.4,83.5,43.0,0.0,0.0,0.0,0.000     0.000,0.3,0.0,0.0,0,10.0,0.0,42.0,45.0,43.0,42.0,34.0,34.0,34.0,34.0,23.0,23.0,23.0,23.0,0.0,0.0,0.0,0.0,0.0,0.0,0.0,0.0,0.0,0.0,0.0,0.0,3.4,1.6,9.1,12.4,15.7,355.7
35,6,5,1991,6,1,481.5,2.9,0.0,0.0,2.9,0.0,0.0,0.0,10.0,1.4,1.4,100,0.0,0.0,100,1.4,1.4,100,10.8,0.3,-9,-9,-9,0,-9,0.0,0.0,0,-9.0,0.0,0.0,0.0,100,0.0,0.0,-9.9,0.0,0.0,-9,0.0,0.0,0.0,481.5,481.5,0.3,131.4,142.0,133.0,123.1,44.3,83.5,43.0,0.0,0.0,0.0,0.000     0.000,0.3,0.0,0.0,0,10.0,0.0,43.4,45.0,43.0,42.0,34.0,34.0,34.0,34.0,23.0,23.0,23.0,23.0,0.0,0.0,0.0,0.0,0.0,0.0,0.0,0.0,0.0,0.0,0.0,0.0,2.9,1.3,6.7,10.8,14.8,355.7
36,7,5,1991,7,1,480.1,0.0,0.0,0.0,0.0,0.0,0.0,0.0,10.0,1.3,1.3,100,0.0,0.0,100,1.3,1.3,100,9.2,0.3,-9,-9,-9,0,-9,0.0,0.0,0,-9.0,0.0,0.0,0.0,100,0.0,0.0,-9.9,0.0,0.0,-9,0.0,0.0,0.0,480.1,480.1,0.3,130.1,142.0,133.0,123.1,44.3,83.5,43.0,0.0,0.0,0.0,0.000     0.000,0.3,0.0,0.0,0,10.0,0.0,42.1,45.0,43.0,42.0,34.0,34.0,34.0,34.0,23.0,23.0,23.0,23.0,0.0,0.0,0.0,0.0,0.0,0.0,0.0,0.0,0.0,0.0,0.0,0.0,0.0,1.2,5.2,9.2,13.1,355.7
37,8,5,1991,8,1,477.3,0.0,0.0,0.0,0.0,0.0,0.0,0.0,10.0,3.1,2.8,92,0.0,0.0,100,3.1,2.8,92,9.2,0.33,-9,-9,-9,0,-9,0.0,0.0,0,-9.0,0.0,0.0,0.0,100,0.0,0.0,-9.9,0.0,0.0,-9,0.0,0.0,0.0,477.3,477.3,0.33,138.3,153.8,144.0,133.3,49.2,90.8,47.2,0.0,0.0,0.0,0.000     0.000,0.33,0.0,0.0,0,10.0,0.0,39.3,45.0,43.0,42.0,34.0,34.0,34.0,34.0,23.0,23.0,23.0,23.0,0.0,0.0,0.0,0.0,0.0,0.0,0.0,0.0,0.0,0.0,0.0,0.0,0.0,2.8,4.3,9.2,14.2,355.7
38,9,5,1991,9,1,482.7,7.9,0.0,0.0,7.7,0.2,0.0,0.0,10.0,2.3,2.3,100,0.0,0.0,100,2.3,2.3,100,10.2,0.36,-9,-9,-9,0,-9,0.0,0.0,0,-9.0,0.0,0.0,0.0,100,0.0,0.0,-9.9,0.0,0.0,-9,0.0,0.0,0.0,482.7,482.7,0.36,158.9,170.0,159.1,147.5,54.9,100.7,53.0,0.0,0.0,0.0,0.000     0.000,0.36,0.0,0.0,0,10.0,0.0,44.7,45.0,43.0,42.0,34.0,34.0,34.0,34.0,23.0,23.0,23.0,23.0,0.0,0.0,0.0,0.0,0.0,0.0,0.0,0.0,0.0,0.0,0.0,0.0,7.9,2.1,5.1,10.2,15.4,355.7
39,10,5,1991,10,1,479.4,0.0,0.0,0.0,0.0,0.0,0.0,0.0,10.0,3.3,3.3,100,0.0,0.0,100,3.3,3.3,100,2.6,0.39,-9,-9,-9,0,-9,0.0,0.0,0,-9.0,0.0,0.0,0.0,100,0.0,0.0,-9.9,0.0,0.0,-9,0.0,0.0,0.0,479.4,479.4,0.39,169.1,184.5,172.7,160.1,60.6,109.7,58.1,0.0,0.0,0.0,0.000     0.000,0.39,0.0,0.0,0,10.0,0.0,41.4,45.0,43.0,42.0,34.0,34.0,34.0,34.0,23.0,23.0,23.0,23.0,0.0,0.0,0.0,0.0,0.0,0.0,0.0,0.0,0.0,0.0,0.0,0.0,0.0,3.0,-0.6,2.6,5.7,355.7
40,11,5,1991,11,1,475.4,0.0,0.0,0.0,0.0,0.0,0.0,0.0,10.0,4.2,4.0,96,0.0,0.0,100,4.2,4.0,96,5.6,0.42,-9,-9,-9,0,-9,0.0,0.0,0,-9.0,0.0,0.0,0.0,100,0.0,0.0,-9.9,0.0,0.0,-9,0.0,0.0,0.0,475.4,475.4,0.42,175.5,196.8,183.2,169.8,64.9,116.5,61.9,0.0,0.0,0.0,0.000     0.000,0.42,0.0,0.0,0,10.0,0.0,37.4,45.0,43.0,42.0,34.0,34.0,34.0,34.0,23.0,23.0,23.0,23.0,0.0,0.0,0.0,0.0,0.0,0.0,0.0,0.0,0.0,0.0,0.0,0.0,0.0,3.8,-1.9,5.6,13.1,355.7
41,12,5,1991,12,1,472.0,0.0,0.0,0.0,0.0,0.0,0.0,0.0,10.0,4.5,3.4,75,0.0,0.0,100,4.5,3.4,75,8.6,0.45,-9,-9,-9,0,-9,0.0,0.0,0,-9.0,0.0,0.0,0.0,100,0.0,0.0,-9.9,0.0,0.0,-9,0.0,0.0,0.0,472.0,472.0,0.45,181.6,208.2,192.6,178.6,68.5,122.5,65.2,0.0,0.0,0.0,0.000     0.000,0.45,0.0,0.0,0,10.0,0.0,34.0,45.0,43.0,42.0,34.0,34.0,34.0,34.0,23.0,23.0,23.0,23.0,0.0,0.0,0.0,0.0,0.0,0.0,0.0,0.0,0.0,0.0,0.0,0.0,0.0,4.1,1.0,8.6,16.2,355.7
42,13,5,1991,13,2,469.5,0.0,0.0,0.0,0.0,0.0,0.0,0.0,10.0,3.4,2.1,60,0.4,0.4,100,3.8,2.5,65,11.2,0.48,-9,0,0,0,0,7.0,7.0,9,0.13,0.4,0.4,0.4,100,12.1,0.014,-9.9,0.0,0.0,100,0.0,0.0,0.0,469.5,469.5,0.48,188.0,218.9,201.5,179.2,71.5,122.6,68.3,0.0,0.0,0.0,0.000     0.000,0.48,0.0,0.0,0,10.0,0.0,31.5,45.0,43.0,42.0,34.0,34.0,34.0,34.0,23.0,23.0,23.0,23.0,0.0,0.0,0.0,0.0,0.0,0.0,0.0,0.0,0.0,0.0,0.0,0.0,0.0,3.5,3.2,11.2,19.3,355.7
43,14,5,1991,14,2,469.0,1.4,0.0,0.0,1.4,0.0,0.0,0.0,10.0,1.7,1.7,100,0.2,0.2,100,2.0,2.0,100,12.6,0.5,-9,0,0,0,0,7.3,7.3,5,0.13,0.2,0.2,0.2,100,12.1,0.029,-9.9,0.0,0.0,100,0.0,0.0,0.0,469.0,469.0,0.5,195.9,229.1,209.9,177.7,73.6,121.2,71.3,0.0,0.0,0.0,0.000     0.000,0.5,0.0,0.0,0,10.0,0.0,31.0,45.0,43.0,42.0,34.0,34.0,34.0,34.0,23.0,23.0,23.0,23.0,0.0,0.0,0.0,0.0,0.0,0.0,0.0,0.0,0.0,0.0,0.0,0.0,1.4,1.8,9.0,12.6,16.1,355.7
44,15,5,1991,15,2,466.8,0.0,0.0,0.0,0.0,0.0,0.0,0.0,10.0,2.2,1.9,87,0.3,0.3,100,2.5,2.2,88,12.4,0.53,-9,0,0,0,0,7.5,7.5,5,0.14,0.3,0.3,0.3,100,12.1,0.045,-9.9,0.0,0.0,100,0.0,0.0,0.0,466.8,466.8,0.53,201.8,238.9,218.1,187.4,76.9,128.0,74.2,0.0,0.0,0.0,0.000     0.000,0.53,0.0,0.0,0,10.0,0.0,28.8,45.0,43.0,42.0,34.0,34.0,34.0,34.0,23.0,23.0,23.0,23.0,0.0,0.0,0.0,0.0,0.0,0.0,0.0,0.0,0.0,0.0,0.0,0.0,0.0,2.3,6.5,12.4,18.4,355.7
45,16,5,1991,16,2,464.9,0.0,0.0,0.0,0.0,0.0,0.0,0.0,10.0,2.2,1.6,72,0.3,0.3,100,2.5,1.9,75,13.4,0.55,-9,0,0,0,0,7.8,7.8,3,0.14,0.3,0.3,0.3,100,12.1,0.061,-9.9,0.0,0.0,100,0.0,0.0,0.0,464.9,464.9,0.55,207.8,248.4,225.9,194.2,79.8,132.7,77.0,0.0,0.0,0.0,0.000     0.000,0.55,0.0,0.0,0,10.0,0.0,26.9,45.0,43.0,42.0,34.0,34.0,34.0,34.0,23.0,23.0,23.0,23.0,0.0,0.0,0.0,0.0,0.0,0.0,0.0,0.0,0.0,0.0,0.0,0.0,0.0,2.3,7.9,13.4,18.9,355.7
46,17,5,1991,17,2,464.6,3.5,0.0,0.0,3.5,0.0,0.0,0.0,10.0,3.2,3.2,100,0.5,0.5,100,3.7,3.7,100,13.4,0.57,-9,0,0,0,0,8.1,8.1,3,0.15,0.5,0.5,0.5,100,12.1,0.078,-9.9,0.0,0.0,100,0.0,0.0,0.0,464.6,464.6,0.57,215.1,257.5,233.5,207.2,83.2,141.9,79.6,0.0,0.0,0.0,0.000     0.000,0.57,0.0,0.0,0,10.0,0.0,26.6,45.0,43.0,42.0,34.0,34.0,34.0,34.0,23.0,23.0,23.0,23.0,0.0,0.0,0.0,0.0,0.0,0.0,0.0,0.0,0.0,0.0,0.0,0.0,3.5,3.4,8.0,13.4,18.9,355.7
47,18,5,1991,18,2,462.1,0.0,0.0,0.0,0.0,0.0,0.0,0.0,10.0,3.0,2.1,68,0.5,0.5,100,3.5,2.5,72,15.2,0.59,-9,0,0,0,0,8.4,8.4,0,0.15,0.5,0.5,0.5,100,12.1,0.096,-9.9,0.0,0.0,100,0.0,0.0,0.0,462.1,462.1,0.59,219.9,266.4,240.8,212.5,85.8,145.6,82.2,0.0,0.0,0.0,0.000     0.000,0.59,0.0,0.0,0,10.0,0.0,24.1,45.0,43.0,42.0,34.0,34.0,34.0,34.0,23.0,23.0,23.0,23.0,0.0,0.0,0.0,0.0,0.0,0.0,0.0,0.0,0.0,0.0,0.0,0.0,0.0,3.2,11.0,15.2,19.4,355.7
48,19,5,1991,19,2,468.8,9.4,0.0,0.0,9.4,0.0,0.0,0.0,10.0,2.4,2.4,100,0.4,0.4,100,2.8,2.8,100,14.8,0.61,-9,0,0,0,0,8.7,8.7,0,0.16,0.4,0.4,0.4,100,12.1,0.115,-9.9,0.0,0.0,100,0.0,0.0,0.0,468.8,468.8,0.61,233.7,275.0,248.0,214.4,88.0,146.7,84.8,0.0,0.0,0.0,0.000     0.000,0.61,0.0,0.0,0,10.0,0.0,30.8,45.0,43.0,42.0,34.0,34.0,34.0,34.0,23.0,23.0,23.0,23.0,0.0,0.0,0.0,0.0,0.0,0.0,0.0,0.0,0.0,0.0,0.0,0.0,9.4,2.5,10.3,14.8,19.4,355.7
49,20,5,1991,20,2,467.9,2.5,0.0,0.0,2.5,0.0,0.0,0.0,10.0,2.9,2.9,100,0.5,0.5,100,3.4,3.4,100,12.8,0.64,0,0,0,0,0,9.0,9.0,4,0.16,0.5,0.5,0.5,100,12.1,0.134,-9.9,0.0,0.0,100,0.0,0.0,0.0,467.9,467.9,0.64,239.8,283.4,254.9,224.3,90.9,153.7,87.2,0.0,0.0,0.0,0.000     0.000,0.64,0.0,0.0,0,10.0,0.0,29.9,45.0,43.0,42.0,34.0,34.0,34.0,34.0,23.0,23.0,23.0,23.0,0.0,0.0,0.0,0.0,0.0,0.0,0.0,0.0,0.0,0.0,0.0,0.0,2.5,3.1,8.9,12.8,16.6,355.7
50,21,5,1991,21,2,467.8,2.2,0.0,0.0,2.2,0.0,0.0,0.0,10.0,2.0,2.0,100,0.3,0.3,100,2.3,2.3,100,12.4,0.66,0,0,0,0,0,9.3,9.3,5,0.17,0.3,0.3,0.3,100,12.1,0.153,-9.9,0.0,0.0,100,0.0,0.0,0.0,467.8,467.8,0.66,246.5,291.6,261.7,223.7,92.7,153.0,89.6,0.0,0.0,0.0,0.000     0.000,0.66,0.0,0.0,0,10.0,0.0,29.8,45.0,43.0,42.0,34.0,34.0,34.0,34.0,23.0,23.0,23.0,23.0,0.0,0.0,0.0,0.0,0.0,0.0,0.0,0.0,0.0,0.0,0.0,0.0,2.2,2.1,8.1,12.4,16.7,355.7
51,22,5,1991,22,2,465.5,0.0,0.0,0.0,0.0,0.0,0.0,0.0,10.0,2.2,2.0,89,0.3,0.3,100,2.5,2.3,91,9.3,0.67,0,0,0,0,0,9.7,9.7,22,0.17,0.3,0.3,0.3,100,12.1,0.169,-9.9,0.0,0.0,100,0.0,0.0,0.0,465.5,465.5,0.67,250.9,299.6,268.4,231.5,95.4,158.5,92.0,0.0,0.0,0.0,0.000     0.000,0.67,0.0,0.0,0,10.0,0.0,27.5,45.0,43.0,42.0,34.0,34.0,34.0,34.0,23.0,23.0,23.0,23.0,0.0,0.0,0.0,0.0,0.0,0.0,0.0,0.0,0.0,0.0,0.0,0.0,0.0,2.4,5.7,9.3,12.9,355.7
52,23,5,1991,23,2,463.7,0.0,0.0,0.0,0.0,0.0,0.0,0.0,10.0,2.0,1.5,73,0.3,0.3,100,2.3,1.8,76,8.7,0.69,0,0,0,0,0,10.0,10.0,29,0.18,0.3,0.3,0.3,100,12.1,0.185,-9.9,0.0,0.0,100,0.0,0.0,0.0,463.7,463.7,0.69,255.6,307.5,274.9,235.7,97.6,161.3,94.3,0.0,0.0,0.0,0.000     0.000,0.69,0.0,0.0,0,10.0,0.0,25.7,45.0,43.0,42.0,34.0,34.0,34.0,34.0,23.0,23.0,23.0,23.0,0.0,0.0,0.0,0.0,0.0,0.0,0.0,0.0,0.0,0.0,0.0,0.0,0.0,2.2,3.7,8.7,13.7,355.7
53,24,5,1991,24,2,462.4,1.2,0.0,0.0,1.2,0.0,0.0,0.0,10.0,2.7,2.1,80,0.4,0.4,100,3.0,2.5,82,8.8,0.71,0,0,0,0,0,10.4,10.4,27,0.18,0.4,0.4,0.4,100,12.1,0.201,-9.9,0.0,0.0,100,0.0,0.0,0.0,462.4,462.4,0.71,260.7,315.2,281.3,246.2,100.5,168.8,96.5,0.0,0.0,0.0,0.000     0.000,0.71,0.0,0.0,0,10.0,0.0,24.4,45.0,43.0,42.0,34.0,34.0,34.0,34.0,23.0,23.0,23.0,23.0,0.0,0.0,0.0,0.0,0.0,0.0,0.0,0.0,0.0,0.0,0.0,0.0,1.2,2.9,3.4,8.8,14.3,355.7
54,25,5,1991,25,2,464.1,3.5,0.0,0.0,3.5,0.0,0.0,0.0,10.0,1.5,1.5,100,0.3,0.3,100,1.8,1.8,100,9.2,0.73,0,0,0,0,0,10.8,10.8,23,0.19,0.3,0.3,0.3,100,12.1,0.219,-9.9,0.0,0.0,100,0.0,0.0,0.0,464.1,464.1,0.73,268.7,322.8,287.6,243.0,101.8,166.2,98.7,0.0,0.0,0.0,0.000     0.000,0.73,0.0,0.0,0,10.0,0.0,26.1,45.0,43.0,42.0,34.0,34.0,34.0,34.0,23.0,23.0,23.0,23.0,0.0,0.0,0.0,0.0,0.0,0.0,0.0,0.0,0.0,0.0,0.0,0.0,3.5,1.7,4.6,9.2,13.9,355.7
55,26,5,1991,26,2,463.6,2.4,0.0,0.0,2.4,0.0,0.0,0.0,10.0,2.3,2.3,100,0.5,0.5,100,2.9,2.9,100,15.7,0.75,0,0,0,0,0,11.1,11.1,0,0.2,0.5,0.5,0.5,100,12.1,0.242,-9.9,0.0,0.0,100,0.0,0.0,0.0,463.6,463.6,0.75,274.4,330.2,293.7,254.9,104.8,174.7,100.9,0.0,0.0,0.0,0.000     0.000,0.75,0.0,0.0,0,10.0,0.0,25.6,45.0,43.0,42.0,34.0,34.0,34.0,34.0,23.0,23.0,23.0,23.0,0.0,0.0,0.0,0.0,0.0,0.0,0.0,0.0,0.0,0.0,0.0,0.0,2.4,2.6,10.3,15.7,21.0,355.7
56,27,5,1991,27,2,462.0,2.3,0.0,0.0,2.3,0.0,0.0,0.0,10.0,3.6,3.1,87,0.8,0.8,100,4.4,3.9,89,19.0,0.77,0,0,0,0,0,11.6,11.6,0,0.2,0.8,0.8,0.8,100,12.1,0.267,-9.9,0.0,0.0,100,0.0,0.0,0.0,462.0,462.0,0.77,278.8,337.5,299.8,270.6,108.1,186.1,103.0,0.0,0.0,0.0,0.000     0.000,0.77,0.0,0.0,0,10.0,0.0,24.0,45.0,43.0,42.0,34.0,34.0,34.0,34.0,23.0,23.0,23.0,23.0,0.0,0.0,0.0,0.0,0.0,0.0,0.0,0.0,0.0,0.0,0.0,0.0,2.3,4.0,14.2,19.0,23.9,355.7
57,28,5,1991,28,2,460.2,2.0,0.0,0.0,2.0,0.0,0.0,0.0,10.0,3.7,2.9,78,0.9,0.9,100,4.6,3.8,83,18.6,0.78,0,0,0,0,0,12.0,12.0,0,0.21,0.9,0.9,0.9,100,12.1,0.293,-9.9,0.0,0.0,100,0.0,0.0,0.0,460.2,460.2,0.78,283.0,344.7,305.8,277.6,110.5,190.9,105.2,0.0,0.0,0.0,0.000     0.000,0.78,0.0,0.0,0,10.0,0.0,22.2,45.0,43.0,42.0,34.0,34.0,34.0,34.0,23.0,23.0,23.0,23.0,0.0,0.0,0.0,0.0,0.0,0.0,0.0,0.0,0.0,0.0,0.0,0.0,2.0,4.2,12.8,18.6,24.3,355.7
58,29,5,1991,29,2,459.4,2.4,0.0,0.0,2.4,0.0,0.0,0.0,10.0,2.6,2.5,95,0.7,0.7,100,3.3,3.2,96,17.4,0.8,0,0,0,0,0,12.4,12.4,0,0.22,0.7,0.7,0.7,100,12.1,0.319,-9.9,0.0,0.0,100,0.0,0.0,0.0,459.4,459.4,0.8,288.1,351.8,311.6,273.5,111.7,187.7,107.2,0.0,0.0,0.0,0.000     0.000,0.8,0.0,0.0,0,10.0,0.0,21.4,45.0,43.0,42.0,34.0,34.0,34.0,34.0,23.0,23.0,23.0,23.0,0.0,0.0,0.0,0.0,0.0,0.0,0.0,0.0,0.0,0.0,0.0,0.0,2.4,3.0,12.4,17.4,22.4,355.7
59,30,5,1991,30,2,460.6,4.2,0.0,0.0,4.2,0.0,0.0,0.0,10.0,2.4,2.4,100,0.6,0.6,100,3.1,3.1,100,15.9,0.82,0,0,0,0,0,12.9,12.9,0,0.23,0.6,0.6,0.6,100,12.1,0.346,-9.9,0.0,0.0,100,0.0,0.0,0.0,460.6,460.6,0.82,295.0,358.8,317.4,277.1,113.6,190.1,109.3,0.0,0.0,0.0,0.000     0.000,0.82,0.0,0.0,0,10.0,0.0,22.6,45.0,43.0,42.0,34.0,34.0,34.0,34.0,23.0,23.0,23.0,23.0,0.0,0.0,0.0,0.0,0.0,0.0,0.0,0.0,0.0,0.0,0.0,0.0,4.2,2.8,11.6,15.9,20.1,355.7
60,31,5,1991,31,2,457.2,0.0,0.0,0.0,0.0,0.0,0.0,0.0,10.0,3.5,2.4,70,0.9,0.9,100,4.4,3.4,76,14.6,0.84,0,0,0,0,0,13.3,13.3,0,0.23,0.9,0.9,0.9,100,12.1,0.374,-9.9,0.0,0.0,100,0.0,0.0,0.0,457.2,457.2,0.84,297.4,365.7,323.2,291.8,116.8,200.7,111.3,0.0,0.0,0.0,0.000     0.000,0.84,0.0,0.0,0,10.0,0.0,19.2,45.0,43.0,42.0,34.0,34.0,34.0,34.0,23.0,23.0,23.0,23.0,0.0,0.0,0.0,0.0,0.0,0.0,0.0,0.0,0.0,0.0,0.0,0.0,0.0,4.0,9.5,14.6,19.6,355.7
61,1,6,1991,32,2,478.8,23.9,0.0,0.0,23.2,0.7,0.0,0.0,10.0,1.3,1.3,100,0.4,0.3,98,1.6,1.6,99,13.7,0.85,0,2,0,0,0,13.8,13.8,2,0.24,0.4,0.3,0.3,98,12.1,0.402,-9.9,0.0,0.0,100,0.0,0.0,0.0,478.8,478.8,0.85,324.6,372.5,328.8,276.3,116.6,189.0,113.3,0.0,0.0,0.0,0.000     0.000,0.85,0.0,0.0,0,10.0,0.0,40.8,45.0,43.0,42.0,34.0,34.0,34.0,34.0,23.0,23.0,23.0,23.0,0.0,0.0,0.0,0.0,0.0,0.0,0.0,0.0,0.0,0.0,0.0,0.0,23.9,1.5,11.0,13.7,16.4,355.7
62,2,6,1991,33,2,481.1,6.7,0.0,0.0,6.6,0.1,0.0,0.0,10.0,3.4,3.4,100,1.0,0.9,92,4.4,4.3,98,15.9,0.87,0,8,0,0,0,14.3,14.3,0,0.25,1.0,0.9,0.9,92,12.1,0.43,-9.9,0.0,0.0,99,0.0,0.0,0.0,481.1,481.1,0.87,332.4,379.2,334.4,301.9,120.9,207.7,115.2,0.0,0.0,0.0,0.000     0.000,0.87,0.0,0.0,0,10.0,0.0,43.1,45.0,43.0,42.0,34.0,34.0,34.0,34.0,23.0,23.0,23.0,23.0,0.0,0.0,0.0,0.0,0.0,0.0,0.0,0.0,0.0,0.0,0.0,0.0,6.7,4.0,12.2,15.9,19.7,355.7
63,3,6,1991,34,2,479.3,1.7,0.0,0.0,1.7,0.0,0.0,0.0,10.0,2.8,2.7,99,0.8,0.7,92,3.5,3.4,97,10.7,0.88,0,8,0,0,0,14.8,14.8,12,0.26,0.8,0.7,0.7,92,12.1,0.455,-9.9,0.0,0.0,99,0.0,0.0,0.0,479.3,479.3,0.88,336.2,385.8,339.8,300.9,122.3,206.7,117.2,0.0,0.0,0.0,0.000     0.000,0.88,0.0,0.0,0,10.0,0.0,41.3,45.0,43.0,42.0,34.0,34.0,34.0,34.0,23.0,23.0,23.0,23.0,0.0,0.0,0.0,0.0,0.0,0.0,0.0,0.0,0.0,0.0,0.0,0.0,1.7,3.3,6.7,10.7,14.7,355.7
64,4,6,1991,35,2,475.9,1.8,0.0,0.0,1.8,0.0,0.0,0.0,10.0,4.2,4.0,96,1.2,1.2,98,5.4,5.2,96,11.5,0.9,0,2,0,0,0,15.4,15.4,8,0.27,1.2,1.2,1.2,98,12.1,0.484,-9.9,0.0,0.0,99,0.0,0.0,0.0,475.9,475.9,0.9,338.1,392.3,345.2,320.3,125.8,220.8,119.1,0.0,0.0,0.0,0.000     0.000,0.9,0.0,0.0,0,10.0,0.0,37.9,45.0,43.0,42.0,34.0,34.0,34.0,34.0,23.0,23.0,23.0,23.0,0.0,0.0,0.0,0.0,0.0,0.0,0.0,0.0,0.0,0.0,0.0,0.0,1.8,5.0,4.7,11.5,18.3,355.7
65,5,6,1991,36,2,472.2,0.0,0.0,0.0,0.0,0.0,0.0,0.0,10.0,3.6,2.6,70,1.2,1.2,100,4.8,3.8,78,15.1,0.92,0,0,0,0,0,16.0,16.0,0,0.28,1.2,1.2,1.2,100,12.1,0.517,-9.9,0.0,0.0,99,0.0,0.0,0.0,472.2,472.2,0.92,338.0,398.5,348.8,318.4,126.4,219.2,120.2,0.0,0.0,0.0,0.000     0.000,0.92,0.0,0.0,0,10.0,0.0,34.2,45.0,43.0,42.0,34.0,34.0,34.0,34.0,23.0,23.0,23.0,23.0,0.0,0.0,0.0,0.0,0.0,0.0,0.0,0.0,0.0,0.0,0.0,0.0,0.0,4.4,8.1,15.1,22.0,355.7
66,6,6,1991,37,2,469.4,0.0,0.0,0.0,0.0,0.0,0.0,0.0,10.0,3.2,1.7,54,1.1,1.1,100,4.3,2.8,66,18.0,0.93,0,0,0,0,0,16.5,16.5,0,0.28,1.1,1.1,1.1,100,12.1,0.551,-9.9,0.0,0.0,99,0.0,0.0,0.0,469.4,469.4,0.93,338.8,404.5,352.4,317.3,127.1,218.1,121.3,0.0,0.0,0.0,0.000     0.000,0.93,0.0,0.0,0,10.0,0.0,31.4,45.0,43.0,42.0,34.0,34.0,34.0,34.0,23.0,23.0,23.0,23.0,0.0,0.0,0.0,0.0,0.0,0.0,0.0,0.0,0.0,0.0,0.0,0.0,0.0,3.9,12.8,18.0,23.1,355.7
67,7,6,1991,38,2,468.6,2.3,0.0,0.0,2.3,0.0,0.0,0.0,10.0,2.3,2.3,100,0.8,0.8,100,3.0,3.0,100,12.5,0.95,0,0,0,0,0,17.1,17.1,5,0.29,0.8,0.8,0.8,100,12.1,0.585,-9.9,0.0,0.0,99,0.0,0.0,0.0,468.6,468.6,0.95,341.6,410.6,356.0,310.6,127.2,213.0,122.3,0.0,0.0,0.0,0.000     0.000,0.95,0.0,0.0,0,10.0,0.0,30.6,45.0,43.0,42.0,34.0,34.0,34.0,34.0,23.0,23.0,23.0,23.0,0.0,0.0,0.0,0.0,0.0,0.0,0.0,0.0,0.0,0.0,0.0,0.0,2.3,2.8,8.2,12.5,16.9,355.7
68,8,6,1991,39,2,463.8,0.0,0.0,0.0,0.0,0.0,0.0,0.0,10.0,3.9,3.3,86,1.4,1.4,100,5.3,4.8,89,12.5,0.96,0,0,0,0,0,17.8,17.8,5,0.3,1.4,1.4,1.4,100,12.1,0.62,-9.9,0.0,0.0,99,0.0,0.0,0.0,463.8,463.8,0.96,340.3,416.5,359.5,332.6,130.4,229.0,123.4,0.0,0.0,0.0,0.000     0.000,0.96,0.0,0.0,0,10.0,0.0,25.8,45.0,43.0,42.0,34.0,34.0,34.0,34.0,23.0,23.0,23.0,23.0,0.0,0.0,0.0,0.0,0.0,0.0,0.0,0.0,0.0,0.0,0.0,0.0,0.0,4.9,6.0,12.5,19.0,355.7
69,9,6,1991,40,2,460.0,0.0,0.0,0.0,0.0,0.0,0.0,0.0,10.0,4.0,2.3,57,1.6,1.6,100,5.6,3.9,69,15.7,0.98,0,0,0,0,0,18.4,18.4,0,0.31,1.6,1.6,1.6,100,12.1,0.658,-9.9,0.0,0.0,99,0.0,0.0,0.0,460.0,460.0,0.98,339.9,422.4,363.0,337.6,131.7,232.5,124.5,0.0,0.0,0.0,0.000     0.000,0.98,0.0,0.0,0,10.0,0.0,22.0,45.0,43.0,42.0,34.0,34.0,34.0,34.0,23.0,23.0,23.0,23.0,0.0,0.0,0.0,0.0,0.0,0.0,0.0,0.0,0.0,0.0,0.0,0.0,0.0,5.1,10.0,15.7,21.4,355.7
70,10,6,1991,41,2,457.7,0.0,0.0,0.0,0.0,0.0,0.0,0.0,10.0,2.7,1.1,41,1.1,1.1,100,3.9,2.3,59,17.1,0.99,0,0,0,0,0,19.1,19.1,0,0.32,1.1,1.1,1.1,100,12.1,0.697,-9.9,0.0,0.0,99,0.0,0.0,0.0,457.7,457.7,0.99,341.1,428.3,366.4,326.1,131.2,223.7,125.5,0.0,0.0,0.0,0.000     0.000,0.99,0.0,0.0,0,10.0,0.0,19.7,45.0,43.0,42.0,34.0,34.0,34.0,34.0,23.0,23.0,23.0,23.0,0.0,0.0,0.0,0.0,0.0,0.0,0.0,0.0,0.0,0.0,0.0,0.0,0.0,3.5,11.6,17.1,22.6,355.7
71,11,6,1991,42,2,462.6,8.3,0.0,0.0,8.3,0.0,0.0,0.0,10.0,2.4,2.4,100,1.0,1.0,100,3.4,3.4,100,18.0,1.01,0,0,0,0,0,19.8,19.8,0,0.33,1.0,1.0,1.0,100,12.1,0.737,-9.9,0.0,0.0,99,0.0,0.0,0.0,462.6,462.6,1.01,349.4,434.1,369.8,325.4,131.9,223.0,126.6,0.0,0.0,0.0,0.000     0.000,1.01,0.0,0.0,0,10.0,0.0,24.6,45.0,43.0,42.0,34.0,34.0,34.0,34.0,23.0,23.0,23.0,23.0,0.0,0.0,0.0,0.0,0.0,0.0,0.0,0.0,0.0,0.0,0.0,0.0,8.3,3.1,13.9,18.0,22.1,355.7
72,12,6,1991,43,2,462.0,2.1,0.0,0.0,2.1,0.0,0.0,0.0,10.0,1.9,1.9,100,0.9,0.9,100,2.8,2.8,100,16.9,1.02,0,0,0,0,0,20.5,20.5,0,0.34,0.9,0.9,0.9,100,12.1,0.779,-9.9,0.0,0.0,99,0.0,0.0,0.0,462.0,462.0,1.02,352.1,439.8,373.2,322.7,132.4,220.8,127.6,0.0,0.0,0.0,0.000     0.000,1.02,0.0,0.0,0,10.0,0.0,24.0,45.0,43.0,42.0,34.0,34.0,34.0,34.0,23.0,23.0,23.0,23.0,0.0,0.0,0.0,0.0,0.0,0.0,0.0,0.0,0.0,0.0,0.0,0.0,2.1,2.5,12.6,16.9,21.3,355.7
73,13,6,1991,44,2,461.4,2.5,0.0,0.0,2.5,0.0,0.0,0.0,10.0,2.1,2.1,100,1.0,1.0,100,3.1,3.1,100,13.8,1.04,0,0,0,0,0,21.2,21.2,2,0.36,1.0,1.0,1.0,100,12.1,0.82,-9.9,0.0,0.0,99,0.0,0.0,0.0,461.4,461.4,1.04,354.9,445.5,376.5,328.4,133.8,224.8,128.6,0.0,0.0,0.0,0.000     0.000,1.04,0.0,0.0,0,10.0,0.0,23.4,45.0,43.0,42.0,34.0,34.0,34.0,34.0,23.0,23.0,23.0,23.0,0.0,0.0,0.0,0.0,0.0,0.0,0.0,0.0,0.0,0.0,0.0,0.0,2.5,2.8,10.7,13.8,17.0,355.7
74,14,6,1991,45,2,458.1,0.0,0.0,0.0,0.0,0.0,0.0,0.0,10.0,3.2,1.7,54,1.6,1.6,100,4.7,3.3,69,15.6,1.05,0,0,0,0,0,21.9,21.9,0,0.37,1.6,1.6,1.6,100,12.1,0.865,-9.9,0.0,0.0,99,0.0,0.0,0.0,458.1,458.1,1.05,355.0,451.1,379.9,345.7,136.4,237.3,129.6,0.0,0.0,0.0,0.000     0.000,1.05,0.0,0.0,0,10.0,0.0,20.1,45.0,43.0,42.0,34.0,34.0,34.0,34.0,23.0,23.0,23.0,23.0,0.0,0.0,0.0,0.0,0.0,0.0,0.0,0.0,0.0,0.0,0.0,0.0,0.0,4.3,9.8,15.6,21.3,355.7
75,15,6,1991,46,2,458.3,3.0,0.0,0.0,3.0,0.0,0.0,0.0,10.0,1.9,1.9,100,1.0,1.0,100,2.9,2.9,100,14.2,1.07,0,0,0,0,0,22.6,22.6,0,0.38,1.0,1.0,1.0,100,12.1,0.91,-9.9,0.0,0.0,99,0.0,0.0,0.0,458.3,458.3,1.07,358.4,456.7,383.2,332.2,135.7,227.2,130.6,0.0,0.0,0.0,0.000     0.000,1.07,0.0,0.0,0,10.0,0.0,20.3,45.0,43.0,42.0,34.0,34.0,34.0,34.0,23.0,23.0,23.0,23.0,0.0,0.0,0.0,0.0,0.0,0.0,0.0,0.0,0.0,0.0,0.0,0.0,3.0,2.6,9.6,14.2,18.9,355.7
76,16,6,1991,47,2,455.4,0.0,0.0,0.0,0.0,0.0,0.0,0.0,10.0,2.4,1.5,65,1.3,1.3,100,3.6,2.8,77,14.7,1.08,0,0,0,0,0,23.3,23.3,0,0.38,1.3,1.3,1.3,100,12.1,0.956,-9.9,0.0,0.0,99,0.0,0.0,0.0,455.4,455.4,1.08,358.9,462.3,386.4,341.9,137.5,234.1,131.6,0.0,0.0,0.0,0.000     0.000,1.08,0.0,0.0,0,10.0,0.0,17.4,45.0,43.0,42.0,34.0,34.0,34.0,34.0,23.0,23.0,23.0,23.0,0.0,0.0,0.0,0.0,0.0,0.0,0.0,0.0,0.0,0.0,0.0,0.0,0.0,3.3,8.8,14.7,20.6,355.7
77,17,6,1991,48,2,456.5,6.1,0.0,0.0,6.1,0.0,0.0,0.0,10.0,3.2,3.2,100,1.8,1.8,100,5.1,5.1,100,19.9,1.09,0,0,0,0,0,23.9,23.9,0,0.39,1.8,1.8,1.8,100,12.1,1.004,-9.9,0.0,0.0,99,0.0,0.0,0.0,456.5,456.5,1.09,363.2,467.8,389.7,357.5,139.9,245.4,132.6,0.0,0.0,0.0,0.000     0.000,1.09,0.0,0.0,0,10.0,0.0,18.5,45.0,43.0,42.0,34.0,34.0,34.0,34.0,23.0,23.0,23.0,23.0,0.0,0.0,0.0,0.0,0.0,0.0,0.0,0.0,0.0,0.0,0.0,0.0,6.1,4.6,14.6,19.9,25.1,355.7
78,18,6,1991,49,2,452.4,0.0,0.0,0.0,0.0,0.0,0.0,0.0,10.0,2.6,2.6,100,1.5,1.5,100,4.1,4.1,100,22.0,1.11,0,0,0,0,0,24.5,24.5,0,0.4,1.5,1.5,1.5,100,12.1,1.052,-9.9,0.0,0.0,99,0.0,0.0,0.0,452.4,452.4,1.11,362.3,473.2,392.9,351.5,140.0,240.8,133.6,0.0,0.0,0.0,0.000     0.000,1.11,0.0,0.0,0,10.0,0.0,14.4,45.0,43.0,42.0,34.0,34.0,34.0,34.0,23.0,23.0,23.0,23.0,0.0,0.0,0.0,0.0,0.0,0.0,0.0,0.0,0.0,0.0,0.0,0.0,0.0,3.7,18.6,22.0,25.3,355.7
79,19,6,1991,50,2,449.6,0.0,0.0,0.0,0.0,0.0,0.0,0.0,10.0,3.2,0.9,27,1.9,1.9,100,5.2,2.8,54,21.4,1.12,0,0,0,0,0,25.1,25.1,0,0.41,1.9,1.9,1.9,100,12.1,1.102,-9.9,0.0,0.0,99,0.0,0.0,0.0,449.6,449.6,1.12,362.7,478.6,396.1,364.3,142.1,250.0,134.5,0.0,0.0,0.0,0.000     0.000,1.12,0.0,0.0,0,10.0,0.0,13.6,43.1,43.0,42.0,34.0,34.0,34.0,34.0,23.0,23.0,23.0,23.0,0.0,0.0,0.0,0.0,0.0,0.0,0.0,0.0,0.0,0.0,0.0,0.0,0.0,4.7,16.9,22.9,28.9,355.7
80,20,6,1991,51,2,449.3,4.2,0.0,0.0,4.2,0.0,0.0,0.0,10.0,2.8,2.8,100,1.7,1.7,100,4.5,4.5,100,21.7,1.14,0,0,0,0,0,25.6,25.6,0,0.42,1.7,1.7,1.7,100,12.1,1.152,-9.9,0.0,0.0,99,0.0,0.0,0.0,449.3,449.3,1.14,365.6,484.0,399.2,361.2,142.4,247.5,135.5,0.0,0.0,0.0,0.000     0.000,1.14,0.0,0.0,0,10.0,0.0,13.2,43.1,43.0,42.0,34.0,34.0,34.0,34.0,23.0,23.0,23.0,23.0,0.0,0.0,0.0,0.0,0.0,0.0,0.0,0.0,0.0,0.0,0.0,0.0,4.2,4.1,17.4,22.0,26.6,355.7
81,21,6,1991,52,2,449.7,2.7,0.0,0.0,2.7,0.0,0.0,0.0,10.0,1.4,1.4,100,0.9,0.9,100,2.3,2.3,100,20.1,1.15,0,0,0,0,0,26.2,26.2,0,0.43,0.9,0.9,0.9,100,12.1,1.203,-9.9,0.0,0.0,99,0.0,0.0,0.0,449.7,449.7,1.15,369.1,489.3,402.4,343.7,141.2,234.4,136.5,0.0,0.0,0.0,0.000     0.000,1.15,0.0,0.0,0,10.0,0.0,13.6,43.1,43.0,42.0,34.0,34.0,34.0,34.0,23.0,23.0,23.0,23.0,0.0,0.0,0.0,0.0,0.0,0.0,0.0,0.0,0.0,0.0,0.0,0.0,2.7,2.1,16.8,20.1,23.3,355.7
82,22,6,1991,53,2,449.1,1.8,0.0,0.0,1.8,0.0,0.0,0.0,10.0,1.5,1.5,100,1.0,1.0,100,2.4,2.4,100,18.2,1.16,0,0,0,0,0,26.7,26.7,0,0.43,1.0,1.0,1.0,100,12.1,1.256,-9.9,0.0,0.0,98,0.0,0.0,0.0,449.1,449.1,1.16,371.6,494.6,405.5,347.4,142.3,236.9,137.4,0.0,0.0,0.0,0.000     0.000,1.16,0.0,0.0,0,10.0,0.0,14.0,42.1,43.0,42.0,34.0,34.0,34.0,34.0,23.0,23.0,23.0,23.0,0.0,0.0,0.0,0.0,0.0,0.0,0.0,0.0,0.0,0.0,0.0,0.0,1.8,2.2,14.8,18.2,21.6,355.7
83,23,6,1991,54,2,446.9,0.0,0.0,0.0,0.0,0.0,0.0,0.0,10.0,2.3,0.7,29,1.5,1.5,100,3.9,2.2,57,18.8,1.18,0,0,0,0,0,27.2,27.2,0,0.44,1.5,1.5,1.5,100,12.1,1.309,-9.9,0.0,0.0,98,0.0,0.0,0.0,446.9,446.9,1.18,372.5,499.9,408.6,363.4,144.8,248.6,138.4,0.0,0.0,0.0,0.000     0.000,1.18,0.0,0.0,0,10.0,0.0,13.3,40.6,43.0,42.0,34.0,34.0,34.0,34.0,23.0,23.0,23.0,23.0,0.0,0.0,0.0,0.0,0.0,0.0,0.0,0.0,0.0,0.0,0.0,0.0,0.0,3.5,13.5,18.8,24.0,355.7
84,24,6,1991,55,2,445.6,4.8,0.0,0.0,4.8,0.0,0.0,0.0,10.0,3.6,3.6,100,2.5,2.5,100,6.0,6.0,100,21.9,1.19,0,0,0,0,0,27.7,27.7,0,0.45,2.5,2.5,2.5,100,12.1,1.362,-9.9,0.0,0.0,98,0.0,0.0,0.0,445.6,445.6,1.19,374.3,505.1,411.7,386.9,148.0,265.7,139.3,0.0,0.0,0.0,0.000     0.000,1.19,0.0,0.0,0,10.0,0.0,12.1,40.6,43.0,42.0,34.0,34.0,34.0,34.0,23.0,23.0,23.0,23.0,0.0,0.0,0.0,0.0,0.0,0.0,0.0,0.0,0.0,0.0,0.0,0.0,4.8,5.5,17.7,22.6,27.6,355.7
85,25,6,1991,56,2,441.8,0.0,0.0,0.0,0.0,0.0,0.0,0.0,10.0,3.4,1.4,43,2.4,2.4,100,5.7,3.8,66,21.6,1.2,0,0,0,0,0,28.1,28.1,0,0.45,2.4,2.4,2.4,100,12.1,1.417,-9.9,0.0,0.0,97,0.0,0.0,0.0,441.8,441.8,1.2,373.6,510.3,414.7,386.6,148.7,265.3,140.2,0.0,0.0,0.0,0.000     0.000,1.2,0.0,0.0,0,10.0,0.0,10.6,38.2,43.0,42.0,34.0,34.0,34.0,34.0,23.0,23.0,23.0,23.0,0.0,0.0,0.0,0.0,0.0,0.0,0.0,0.0,0.0,0.0,0.0,0.0,0.0,5.2,17.1,22.1,27.2,355.7
86,26,6,1991,57,2,442.2,4.4,0.0,0.0,4.4,0.0,0.0,0.0,10.0,2.4,2.4,100,1.7,1.7,100,4.1,4.1,100,20.2,1.22,0,0,0,0,0,28.6,28.6,0,0.46,1.7,1.7,1.7,100,12.1,1.472,-9.9,0.0,0.0,97,0.0,0.0,0.0,442.2,442.2,1.22,376.9,515.4,417.8,373.6,148.0,255.5,141.2,0.0,0.0,0.0,0.000     0.000,1.22,0.0,0.0,0,10.0,0.0,12.6,36.5,43.0,42.0,34.0,34.0,34.0,34.0,23.0,23.0,23.0,23.0,0.0,0.0,0.0,0.0,0.0,0.0,0.0,0.0,0.0,0.0,0.0,0.0,4.4,3.7,16.5,20.2,24.0,355.7
87,27,6,1991,58,2,438.0,0.0,0.0,0.0,0.0,0.0,0.0,0.0,10.0,2.9,2.1,73,2.1,2.1,100,5.0,4.2,85,20.4,1.23,0,0,0,0,0,29.0,29.0,0,0.46,2.1,2.1,2.1,100,12.1,1.528,-9.9,0.0,0.0,96,0.0,0.0,0.0,438.0,438.0,1.23,375.8,520.5,420.8,384.8,149.9,263.6,142.1,0.0,0.0,0.0,0.000     0.000,1.23,0.0,0.0,0,10.0,0.0,10.5,34.4,43.0,42.0,34.0,34.0,34.0,34.0,23.0,23.0,23.0,23.0,0.0,0.0,0.0,0.0,0.0,0.0,0.0,0.0,0.0,0.0,0.0,0.0,0.0,4.5,14.9,20.4,25.8,355.7
88,28,6,1991,59,2,434.9,0.0,0.0,0.0,0.0,0.0,0.0,0.0,10.0,3.7,0.3,8,2.8,2.8,100,6.5,3.1,47,21.6,1.24,1,0,0,0,0,29.4,29.4,0,0.47,2.8,2.8,2.8,100,12.1,1.585,-9.9,0.0,0.0,96,0.0,0.0,0.0,434.9,434.9,1.24,375.7,525.6,423.8,402.6,152.5,276.5,143.0,0.0,0.0,0.0,0.000     0.000,1.24,0.0,0.0,0,10.0,0.0,10.2,31.7,43.0,42.0,34.0,34.0,34.0,34.0,23.0,23.0,23.0,23.0,0.0,0.0,0.0,0.0,0.0,0.0,0.0,0.0,0.0,0.0,0.0,0.0,0.0,5.9,17.1,23.1,29.2,355.7
89,29,6,1991,60,2,432.0,1.8,0.0,0.0,1.8,0.0,0.0,0.0,10.0,3.6,1.9,53,2.8,2.8,100,6.4,4.7,73,23.1,1.26,1,0,0,0,0,29.8,29.8,0,0.47,2.8,2.8,2.8,100,12.1,1.642,-9.9,0.0,0.0,95,0.0,0.0,0.0,432.0,432.0,1.26,375.8,530.7,426.8,404.3,153.3,277.6,143.9,0.0,0.0,0.0,0.000     0.000,1.26,0.0,0.0,0,10.0,0.0,10.1,28.9,43.0,42.0,34.0,34.0,34.0,34.0,23.0,23.0,23.0,23.0,0.0,0.0,0.0,0.0,0.0,0.0,0.0,0.0,0.0,0.0,0.0,0.0,1.8,5.8,20.1,24.7,29.3,355.7
90,30,6,1991,61,2,430.0,1.4,0.0,0.0,1.4,0.0,0.0,0.0,10.0,2.5,1.5,58,2.0,2.0,100,4.5,3.4,76,23.4,1.27,0,0,0,0,0,30.1,30.1,0,0.48,2.0,2.0,2.0,100,12.1,1.7,-9.9,0.0,0.0,95,0.0,0.0,0.0,430.0,430.0,1.27,376.7,535.7,429.7,388.6,152.3,265.8,144.8,0.0,0.0,0.0,0.000     0.000,1.27,0.0,0.0,0,10.0,0.0,10.1,27.0,43.0,42.0,34.0,34.0,34.0,34.0,23.0,23.0,23.0,23.0,0.0,0.0,0.0,0.0,0.0,0.0,0.0,0.0,0.0,0.0,0.0,0.0,1.4,4.1,20.7,23.9,27.1,355.7
91,1,7,1991,62,2,427.4,0.0,0.0,0.0,0.0,0.0,0.0,0.0,10.0,3.1,0.2,6,2.5,2.5,100,5.6,2.6,47,22.4,1.28,1,0,0,0,0,30.5,30.5,0,0.48,2.5,2.5,2.5,100,12.1,1.758,-9.9,0.0,0.0,94,0.0,0.0,0.0,427.4,427.4,1.28,377.0,540.7,432.7,402.2,154.4,275.6,145.7,0.0,0.0,0.0,0.000     0.000,1.28,0.0,0.0,0,10.0,0.0,9.9,24.5,43.0,42.0,34.0,34.0,34.0,34.0,23.0,23.0,23.0,23.0,0.0,0.0,0.0,0.0,0.0,0.0,0.0,0.0,0.0,0.0,0.0,0.0,0.0,5.1,19.1,22.4,25.6,355.7
92,2,7,1991,63,2,424.8,1.2,0.0,0.0,1.2,0.0,0.0,0.0,10.0,3.1,1.3,42,2.4,2.4,100,5.5,3.7,68,22.0,1.29,1,0,0,0,0,30.8,30.8,0,0.49,2.4,2.4,2.4,100,12.1,1.817,-9.9,0.0,0.0,93,0.0,0.0,0.0,424.8,424.8,1.29,377.4,545.6,435.6,403.8,155.2,276.6,146.6,0.0,0.0,0.0,0.000     0.000,1.29,0.0,0.0,0,10.0,0.0,9.8,22.0,43.0,42.0,34.0,34.0,34.0,34.0,23.0,23.0,23.0,23.0,0.0,0.0,0.0,0.0,0.0,0.0,0.0,0.0,0.0,0.0,0.0,0.0,1.2,5.0,18.0,22.4,26.8,355.7
93,3,7,1991,64,2,423.1,1.9,0.0,0.0,1.9,0.0,0.0,0.0,10.0,2.1,1.9,91,1.8,1.8,100,3.9,3.7,95,19.4,1.31,0,0,0,0,0,31.9,31.9,0,0.5,1.8,1.8,1.8,100,12.1,1.877,-9.9,0.0,0.0,93,0.0,0.0,0.0,423.1,423.1,1.31,378.6,550.6,438.5,389.8,154.4,266.1,147.5,0.0,0.0,0.0,0.000     0.000,1.31,0.0,0.0,0,10.0,0.0,9.8,20.3,43.0,42.0,34.0,34.0,34.0,34.0,23.0,23.0,23.0,23.0,0.0,0.0,0.0,0.0,0.0,0.0,0.0,0.0,0.0,0.0,0.0,0.0,1.9,3.5,15.8,19.4,22.9,355.7
94,4,7,1991,65,2,420.4,0.0,0.0,0.0,0.0,0.0,0.0,0.0,10.0,2.9,0.1,4,2.5,2.5,100,5.4,2.6,49,18.8,1.32,1,0,0,0,0,33.0,33.0,0,0.52,2.5,2.5,2.5,100,12.1,1.94,-9.9,0.0,0.0,92,0.0,0.0,0.0,420.4,420.4,1.32,378.8,555.5,441.4,408.0,157.0,279.4,148.3,0.0,0.0,0.0,0.000     0.000,1.32,0.0,0.0,0,10.0,0.0,9.7,17.8,43.0,42.0,34.0,34.0,34.0,34.0,23.0,23.0,23.0,23.0,0.0,0.0,0.0,0.0,0.0,0.0,0.0,0.0,0.0,0.0,0.0,0.0,0.0,4.9,14.2,18.8,23.3,355.7
95,5,7,1991,66,2,417.9,0.0,0.0,0.0,0.0,0.0,0.0,0.0,10.0,2.7,0.1,3,2.4,2.4,100,5.2,2.5,49,17.9,1.33,1,0,0,0,0,33.3,33.3,0,0.52,2.4,2.4,2.4,100,12.0,2.002,-9.9,0.0,0.0,92,0.0,0.0,0.0,417.9,417.9,1.33,379.2,560.3,444.3,408.4,157.7,279.5,149.2,0.0,0.0,0.0,0.000     0.000,1.33,0.0,0.0,0,10.0,0.0,9.6,15.3,43.0,42.0,34.0,34.0,34.0,34.0,23.0,23.0,23.0,23.0,0.0,0.0,0.0,0.0,0.0,0.0,0.0,0.0,0.0,0.0,0.0,0.0,0.0,4.7,13.6,17.9,22.3,355.7
96,6,7,1991,67,2,415.5,1.1,0.0,0.0,1.1,0.0,0.0,0.0,10.0,2.6,1.1,44,2.4,2.4,100,5.0,3.5,71,17.3,1.34,1,0,0,0,0,33.5,33.5,0,0.52,2.4,2.4,2.4,100,12.0,2.065,-9.9,0.0,0.0,91,0.0,0.0,0.0,415.5,415.5,1.34,379.6,565.2,447.1,408.8,158.4,279.6,150.1,0.0,0.0,0.0,0.000     0.000,1.34,0.0,0.0,0,10.0,0.0,9.5,13.0,43.0,42.0,34.0,34.0,34.0,34.0,23.0,23.0,23.0,23.0,0.0,0.0,0.0,0.0,0.0,0.0,0.0,0.0,0.0,0.0,0.0,0.0,1.1,4.5,13.8,17.3,20.8,355.7
97,7,7,1991,68,2,412.9,0.0,0.0,0.0,0.0,0.0,0.0,0.0,10.0,2.8,0.1,3,2.5,2.5,100,5.3,2.6,49,17.8,1.36,1,0,0,0,0,33.7,33.7,0,0.53,2.5,2.5,2.5,100,12.0,2.129,-9.9,0.0,0.0,91,0.0,0.0,0.0,412.9,412.9,1.36,379.9,570.0,450.0,414.8,159.7,283.8,150.9,0.0,0.0,0.0,0.000     0.000,1.36,0.0,0.0,0,10.0,0.0,9.5,13.0,40.5,42.0,34.0,34.0,34.0,34.0,23.0,23.0,23.0,23.0,0.0,0.0,0.0,0.0,0.0,0.0,0.0,0.0,0.0,0.0,0.0,0.0,0.0,4.8,12.8,17.8,22.7,355.7
98,8,7,1991,69,2,410.7,1.9,0.0,0.0,1.9,0.0,0.0,0.0,10.0,2.3,1.9,82,2.2,2.2,100,4.5,4.1,90,18.3,1.37,1,0,0,0,0,34.0,34.0,0,0.53,2.2,2.2,2.2,100,12.0,2.192,-9.9,0.0,0.0,90,0.0,0.0,0.0,410.7,410.7,1.37,380.5,574.8,452.8,409.3,159.7,279.6,151.8,0.0,0.0,0.0,0.000     0.000,1.37,0.0,0.0,0,10.0,0.0,9.5,13.0,38.3,42.0,34.0,34.0,34.0,34.0,23.0,23.0,23.0,23.0,0.0,0.0,0.0,0.0,0.0,0.0,0.0,0.0,0.0,0.0,0.0,0.0,1.9,4.1,13.2,18.3,23.4,355.7
99,9,7,1991,70,2,408.4,0.0,0.0,0.0,0.0,0.0,0.0,0.0,10.0,2.4,0.1,3,2.2,2.2,100,4.6,2.3,50,15.0,1.38,1,0,0,0,0,34.2,34.2,0,0.53,2.2,2.2,2.2,100,12.0,2.256,-9.9,0.0,0.0,89,0.0,0.0,0.0,408.4,408.4,1.38,381.1,579.6,455.6,413.0,160.7,282.2,152.7,0.0,0.0,0.0,0.000     0.000,1.38,0.0,0.0,0,10.0,0.0,9.4,13.0,36.1,42.0,34.0,34.0,34.0,34.0,23.0,23.0,23.0,23.0,0.0,0.0,0.0,0.0,0.0,0.0,0.0,0.0,0.0,0.0,0.0,0.0,0.0,4.2,9.3,15.0,20.6,355.7
100,10,7,1991,71,2,405.6,0.0,0.0,0.0,0.0,0.0,0.0,0.0,10.0,2.8,0.1,2,2.8,2.8,100,5.6,2.8,50,14.6,1.39,1,0,0,0,0,35.0,35.0,0,0.54,2.8,2.8,2.8,100,12.1,2.322,-9.9,0.0,0.0,89,0.0,0.0,0.0,405.6,405.6,1.39,381.0,584.3,458.4,426.0,162.8,291.6,153.5,0.0,0.0,0.0,0.000     0.000,1.39,0.0,0.0,0,10.0,0.0,9.3,13.0,33.3,42.0,34.0,34.0,34.0,34.0,23.0,23.0,23.0,23.0,0.0,0.0,0.0,0.0,0.0,0.0,0.0,0.0,0.0,0.0,0.0,0.0,0.0,5.1,7.7,14.6,21.5,355.7
101,11,7,1991,72,2,404.2,2.3,0.0,0.0,2.3,0.0,0.0,0.0,10.0,1.9,1.9,100,1.9,1.9,100,3.7,3.7,100,17.4,1.41,1,0,0,0,0,35.8,35.8,0,0.55,1.9,1.9,1.9,100,12.1,2.388,-9.9,0.0,0.0,88,0.0,0.0,0.0,404.2,404.2,1.41,382.4,589.0,461.2,408.7,161.5,278.6,154.4,0.0,0.0,0.0,0.000     0.000,1.41,0.0,0.0,0,10.0,0.0,9.8,13.0,31.4,42.0,34.0,34.0,34.0,34.0,23.0,23.0,23.0,23.0,0.0,0.0,0.0,0.0,0.0,0.0,0.0,0.0,0.0,0.0,0.0,0.0,2.3,3.4,12.8,17.4,22.0,355.7
102,12,7,1991,73,2,403.2,2.6,0.0,0.0,2.6,0.0,0.0,0.0,10.0,1.7,1.7,100,1.8,1.8,100,3.5,3.5,100,16.4,1.42,1,0,0,0,0,36.5,36.5,0,0.56,1.8,1.8,1.8,100,12.1,2.456,-9.9,0.0,0.0,87,0.0,0.0,0.0,403.2,403.2,1.42,384.2,593.7,464.0,408.8,162.2,278.5,155.2,0.0,0.0,0.0,0.000     0.000,1.42,0.0,0.0,0,10.0,0.0,10.6,13.0,29.6,42.0,34.0,34.0,34.0,34.0,23.0,23.0,23.0,23.0,0.0,0.0,0.0,0.0,0.0,0.0,0.0,0.0,0.0,0.0,0.0,0.0,2.6,3.2,11.7,16.4,21.1,355.7
103,13,7,1991,74,2,401.8,1.2,0.0,0.0,1.2,0.0,0.0,0.0,10.0,1.3,1.2,91,1.4,1.4,100,2.8,2.6,95,15.1,1.43,0,0,0,0,0,37.2,37.2,0,0.57,1.4,1.4,1.4,100,12.1,2.524,-9.9,0.0,0.0,87,0.0,0.0,0.0,401.8,401.8,1.43,385.5,598.4,466.7,402.9,162.1,274.0,156.0,0.0,0.0,0.0,0.000     0.000,1.43,0.0,0.0,0,10.0,0.0,10.6,13.0,28.2,42.0,34.0,34.0,34.0,34.0,23.0,23.0,23.0,23.0,0.0,0.0,0.0,0.0,0.0,0.0,0.0,0.0,0.0,0.0,0.0,0.0,1.2,2.5,11.2,15.1,19.0,355.7
104,14,7,1991,75,2,399.6,0.0,0.0,0.0,0.0,0.0,0.0,0.0,10.0,1.9,0.0,2,2.1,2.1,100,4.1,2.2,54,15.6,1.44,1,0,0,0,0,37.8,37.8,0,0.58,2.1,2.1,2.1,100,12.1,2.594,-9.9,0.0,0.0,86,0.0,0.0,0.0,399.6,399.6,1.44,386.1,603.1,469.5,419.6,164.6,286.1,156.9,0.0,0.0,0.0,0.000     0.000,1.44,0.0,0.0,0,10.0,0.0,10.6,13.0,26.1,42.0,34.0,34.0,34.0,34.0,23.0,23.0,23.0,23.0,0.0,0.0,0.0,0.0,0.0,0.0,0.0,0.0,0.0,0.0,0.0,0.0,0.0,3.7,10.6,15.6,20.6,355.7
105,15,7,1991,76,2,397.4,0.0,0.0,0.0,0.0,0.0,0.0,0.0,10.0,1.9,0.0,2,2.2,2.2,100,4.1,2.2,54,17.4,1.45,1,0,0,0,0,38.4,38.4,0,0.58,2.2,2.2,2.2,100,12.1,2.664,-9.9,0.0,0.0,86,0.0,0.0,0.0,397.4,397.4,1.45,386.6,607.7,472.2,422.0,165.4,287.7,157.7,0.0,0.0,0.0,0.000     0.000,1.45,0.0,0.0,0,10.0,0.0,10.5,13.0,23.9,42.0,34.0,34.0,34.0,34.0,23.0,23.0,23.0,23.0,0.0,0.0,0.0,0.0,0.0,0.0,0.0,0.0,0.0,0.0,0.0,0.0,0.0,3.7,12.0,17.4,22.9,355.7
106,16,7,1991,77,2,411.1,15.4,0.0,0.0,15.4,0.0,0.0,0.0,10.0,0.8,0.8,100,0.9,0.9,100,1.8,1.8,100,18.4,1.46,0,0,0,0,0,39.0,39.0,0,0.59,0.9,0.9,0.9,100,12.1,2.735,-9.9,0.0,0.0,85,0.0,0.0,0.0,411.1,411.1,1.46,403.0,612.3,474.9,399.0,163.6,270.6,158.5,0.0,0.0,0.0,0.000     0.000,1.46,0.0,0.0,0,10.0,0.0,24.2,13.0,23.9,42.0,34.0,34.0,34.0,34.0,23.0,23.0,23.0,23.0,0.0,0.0,0.0,0.0,0.0,0.0,0.0,0.0,0.0,0.0,0.0,0.0,15.4,1.6,15.2,18.4,21.6,355.7
107,17,7,1991,78,2,406.5,0.0,0.0,0.0,0.0,0.0,0.0,0.0,10.0,2.1,2.1,100,2.5,2.5,100,4.6,4.6,100,17.8,1.48,1,0,0,0,0,39.5,39.5,0,0.6,2.5,2.5,2.5,100,12.1,2.807,-9.9,0.0,0.0,85,0.0,0.0,0.0,406.5,406.5,1.48,401.1,616.9,477.6,432.9,167.9,295.4,159.4,0.0,0.0,0.0,0.000     0.000,1.48,0.0,0.0,0,10.0,0.0,19.6,13.0,23.9,42.0,34.0,34.0,34.0,34.0,23.0,23.0,23.0,23.0,0.0,0.0,0.0,0.0,0.0,0.0,0.0,0.0,0.0,0.0,0.0,0.0,0.0,4.2,14.1,17.8,21.4,355.7
108,18,7,1991,79,2,401.4,0.0,0.0,0.0,0.0,0.0,0.0,0.0,10.0,2.3,2.3,100,2.8,2.8,100,5.1,5.1,100,16.9,1.49,1,0,0,0,0,39.9,39.9,0,0.6,2.8,2.8,2.8,100,12.1,2.88,-9.9,0.0,0.0,84,0.0,0.0,0.0,401.4,401.4,1.49,398.7,621.4,480.3,440.2,169.3,300.6,160.2,0.0,0.0,0.0,0.000     0.000,1.49,0.0,0.0,0,10.0,0.0,14.5,13.0,23.9,42.0,34.0,34.0,34.0,34.0,23.0,23.0,23.0,23.0,0.0,0.0,0.0,0.0,0.0,0.0,0.0,0.0,0.0,0.0,0.0,0.0,0.0,4.6,12.7,16.9,21.1,355.7
109,19,7,1991,80,2,403.0,3.8,0.0,0.0,3.8,0.0,0.0,0.0,10.0,1.0,1.0,100,1.2,1.2,100,2.2,2.2,100,16.1,1.5,0,0,0,0,0,40.3,40.3,0,0.61,1.2,1.2,1.2,100,12.1,2.953,-9.9,0.0,0.0,84,0.0,0.0,0.0,403.0,403.0,1.5,403.0,626.0,483.0,410.7,166.6,278.7,161.0,0.0,0.0,0.0,0.000     0.000,1.5,0.0,0.0,0,10.0,0.0,16.1,13.0,23.9,42.0,34.0,34.0,34.0,34.0,23.0,23.0,23.0,23.0,0.0,0.0,0.0,0.0,0.0,0.0,0.0,0.0,0.0,0.0,0.0,0.0,3.8,2.0,11.6,16.1,20.5,355.7
110,20,7,1991,81,3,398.5,0.0,0.0,0.0,0.0,0.0,0.0,0.0,10.0,2.0,2.0,100,2.5,2.5,100,4.5,4.5,100,15.6,1.5,1,0,0,0,0,40.6,40.6,0,0.61,2.5,2.5,2.5,100,12.1,3.026,-9.9,0.0,0.0,84,0.0,0.0,0.0,398.5,398.5,1.5,398.5,626.0,483.0,436.5,169.5,297.7,161.0,0.0,0.0,0.0,0.000     0.000,1.5,0.0,0.0,0,10.0,0.0,12.8,13.0,22.8,42.0,34.0,34.0,34.0,34.0,23.0,23.0,23.0,23.0,0.0,0.0,0.0,0.0,0.0,0.0,0.0,0.0,0.0,0.0,0.0,0.0,0.0,4.1,10.2,15.6,21.0,355.7
111,21,7,1991,82,3,395.4,0.0,0.0,0.0,0.0,0.0,0.0,0.0,10.0,1.8,0.8,46,2.3,2.3,100,4.1,3.1,76,17.4,1.5,1,0,0,0,0,40.9,40.9,0,0.61,2.3,2.3,2.3,100,12.1,3.1,-9.9,0.0,0.0,83,0.0,0.0,0.0,395.4,395.4,1.5,395.4,626.0,483.0,431.6,168.9,294.1,161.0,0.0,0.0,0.0,0.000     0.000,1.5,0.0,0.0,0,10.0,0.0,11.9,13.0,20.5,42.0,34.0,34.0,34.0,34.0,23.0,23.0,23.0,23.0,0.0,0.0,0.0,0.0,0.0,0.0,0.0,0.0,0.0,0.0,0.0,0.0,0.0,3.7,12.7,17.4,22.2,355.7
112,22,7,1991,83,3,393.4,1.7,0.0,0.0,1.7,0.0,0.0,0.0,10.0,1.6,1.6,100,2.1,2.1,100,3.7,3.7,100,16.5,1.5,1,0,0,0,0,41.1,41.1,0,0.62,2.1,2.1,2.1,100,12.1,3.174,1.8,0.056,0.062,83,0.02,0.0,0.0,393.4,393.4,1.5,393.3,626.0,483.0,427.9,168.5,291.4,161.0,0.0,0.0,0.0,0.000     0.000,1.5,0.0,0.0,0,10.0,0.0,12.0,13.0,18.4,42.0,34.0,34.0,34.0,34.0,23.0,23.0,23.0,23.0,0.0,0.0,0.0,0.0,0.0,0.0,0.0,0.0,0.0,0.0,0.0,0.0,1.7,3.4,12.2,16.5,20.9,355.7
113,23,7,1991,84,3,403.8,13.2,0.0,0.0,13.2,0.0,0.0,0.0,10.0,1.2,1.2,100,1.5,1.5,100,2.8,2.8,100,16.8,1.5,0,0,0,0,0,41.3,41.3,0,0.62,1.5,1.5,1.5,100,12.1,3.248,2.3,0.073,0.081,82,0.03,0.0,0.0,403.8,403.8,1.5,403.8,626.0,483.0,416.8,167.3,283.2,161.0,0.0,0.0,0.0,0.000     0.000,1.5,0.0,0.0,0,10.0,0.0,22.4,13.0,18.4,42.0,34.0,34.0,34.0,34.0,23.0,23.0,23.0,23.0,0.0,0.0,0.0,0.0,0.0,0.0,0.0,0.0,0.0,0.0,0.0,0.0,13.2,2.5,11.5,16.8,22.0,355.7
114,24,7,1991,85,3,433.5,32.4,0.0,0.0,31.3,1.1,0.0,0.0,10.0,0.7,0.7,100,0.9,0.9,100,1.7,1.7,100,16.1,1.5,0,0,0,0,0,41.4,41.4,0,0.62,0.9,0.9,0.9,100,12.1,3.323,2.9,0.096,0.107,82,0.04,0.0,0.0,433.5,433.5,1.5,433.5,626.0,483.0,404.5,166.0,274.2,161.0,0.0,0.0,0.0,0.000     0.000,1.5,0.0,0.0,0,10.0,0.0,46.4,18.7,18.4,42.0,34.0,34.0,34.0,34.0,23.0,23.0,23.0,23.0,0.0,0.0,0.0,0.0,0.0,0.0,0.0,0.0,0.0,0.0,0.0,0.0,32.4,1.5,12.5,16.1,19.7,355.7
115,25,7,1991,86,3,437.3,6.3,0.0,0.0,6.3,0.0,0.0,0.0,10.0,1.1,1.1,100,1.4,1.4,100,2.4,2.4,100,15.3,1.5,0,0,0,0,0,41.5,41.5,0,0.62,1.4,1.4,1.4,100,12.1,3.398,3.7,0.126,0.14,82,0.05,0.0,0.0,437.3,437.3,1.5,437.3,626.0,483.0,413.1,166.9,280.5,161.0,0.0,0.0,0.0,0.000     0.000,1.5,0.0,0.0,0,10.0,0.0,45.6,23.4,18.4,42.0,34.0,34.0,34.0,34.0,23.0,23.0,23.0,23.0,0.0,0.0,0.0,0.0,0.0,0.0,0.0,0.0,0.0,0.0,0.0,0.0,6.3,2.2,12.5,15.3,18.1,355.7
116,26,7,1991,87,3,433.5,0.0,0.0,0.0,0.0,0.0,0.0,0.0,10.0,2.0,2.0,100,1.9,1.9,100,3.9,3.9,100,16.4,1.5,-9,0,0,0,0,37.1,37.1,0,0.51,1.9,1.9,1.9,100,12.1,3.459,4.7,0.164,0.182,81,0.06,0.0,0.0,433.5,433.5,1.5,433.5,626.0,483.0,431.6,168.9,294.1,161.0,0.0,0.0,0.0,0.000     0.000,1.5,0.0,0.0,0,10.0,0.0,41.3,23.8,18.4,42.0,34.0,34.0,34.0,34.0,23.0,23.0,23.0,23.0,0.0,0.0,0.0,0.0,0.0,0.0,0.0,0.0,0.0,0.0,0.0,0.0,0.0,3.7,12.3,16.4,20.5,355.7
117,27,7,1991,88,3,430.1,0.0,0.0,0.0,0.0,0.0,0.0,0.0,10.0,1.8,1.8,100,1.7,1.7,100,3.4,3.4,100,15.8,1.5,-9,0,0,0,0,37.3,37.3,0,0.51,1.7,1.7,1.7,100,12.1,3.521,6.0,0.212,0.235,80,0.08,0.0,0.0,430.1,430.1,1.5,430.0,626.0,483.0,426.7,168.4,290.5,161.0,0.0,0.0,0.0,0.000     0.000,1.5,0.0,0.0,0,10.0,0.0,37.8,23.8,18.4,42.0,34.0,34.0,34.0,34.0,23.0,23.0,23.0,23.0,0.0,0.0,0.0,0.0,0.0,0.0,0.0,0.0,0.0,0.0,0.0,0.0,0.0,3.3,11.2,15.8,20.4,355.7
118,28,7,1991,89,3,425.9,0.0,0.0,0.0,0.0,0.0,0.0,0.0,10.0,2.2,2.0,88,2.2,2.2,100,4.4,4.1,94,14.3,1.5,-9,0,0,0,0,37.4,37.4,0,0.52,2.2,2.2,2.2,100,12.1,3.583,7.6,0.272,0.302,80,0.1,0.0,0.0,425.9,425.9,1.5,425.9,626.0,483.0,437.7,169.6,298.6,161.0,0.0,0.0,0.0,0.000     0.000,1.5,0.0,0.0,0,10.0,0.0,33.7,23.8,18.4,42.0,34.0,34.0,34.0,34.0,23.0,23.0,23.0,23.0,0.0,0.0,0.0,0.0,0.0,0.0,0.0,0.0,0.0,0.0,0.0,0.0,0.0,4.2,9.0,14.3,19.6,355.7
119,29,7,1991,90,3,422.6,0.0,0.0,0.0,0.0,0.0,0.0,0.0,10.0,2.3,1.1,48,2.2,2.2,100,4.5,3.3,74,14.4,1.5,-9,0,0,0,0,37.6,37.6,0,0.52,2.2,2.2,2.2,100,12.1,3.645,9.5,0.346,0.384,79,0.12,0.0,0.0,422.6,422.6,1.5,422.6,626.0,483.0,439.0,169.7,299.6,161.0,0.0,0.0,0.0,0.000     0.000,1.5,0.0,0.0,0,10.0,0.0,30.4,23.8,18.4,42.0,34.0,34.0,34.0,34.0,23.0,23.0,23.0,23.0,0.0,0.0,0.0,0.0,0.0,0.0,0.0,0.0,0.0,0.0,0.0,0.0,0.0,4.3,8.1,14.4,20.7,355.7
120,30,7,1991,91,3,419.2,0.0,0.0,0.0,0.0,0.0,0.0,0.0,10.0,2.5,0.9,35,2.5,2.5,100,5.0,3.4,67,16.1,1.5,-9,0,0,0,0,37.7,37.7,0,0.52,2.5,2.5,2.5,100,12.1,3.708,11.7,0.435,0.483,78,0.15,0.0,0.0,419.2,419.2,1.5,419.2,626.0,483.0,445.1,170.4,304.1,161.0,0.0,0.0,0.0,0.000     0.000,1.5,0.0,0.0,0,10.0,0.0,27.0,23.8,18.4,42.0,34.0,34.0,34.0,34.0,23.0,23.0,23.0,23.0,0.0,0.0,0.0,0.0,0.0,0.0,0.0,0.0,0.0,0.0,0.0,0.0,0.0,4.8,9.5,16.1,22.8,355.7
121,31,7,1991,92,3,416.0,0.0,0.0,0.0,0.0,0.0,0.0,0.0,10.0,2.6,0.6,25,2.6,2.6,100,5.1,3.2,63,18.6,1.5,-9,0,0,0,0,37.8,37.8,0,0.53,2.6,2.6,2.6,100,12.1,3.772,14.0,0.527,0.585,78,0.19,0.0,0.0,416.0,416.0,1.5,416.0,626.0,483.0,446.3,170.5,305.0,161.0,0.0,0.0,0.0,0.000     0.000,1.5,0.0,0.0,0,10.0,0.0,23.8,23.8,18.4,42.0,34.0,34.0,34.0,34.0,23.0,23.0,23.0,23.0,0.0,0.0,0.0,0.0,0.0,0.0,0.0,0.0,0.0,0.0,0.0,0.0,0.0,4.9,12.2,18.6,25.1,355.7
122,1,8,1991,93,3,412.9,0.0,0.0,0.0,0.0,0.0,0.0,0.0,10.0,2.6,0.5,18,2.6,2.6,100,5.2,3.1,59,17.2,1.5,-9,0,0,0,0,38.0,38.0,0,0.53,2.6,2.6,2.6,100,12.1,3.836,16.2,0.622,0.691,77,0.22,0.0,0.0,412.9,412.9,1.5,412.9,626.0,483.0,446.3,170.5,305.0,161.0,0.0,0.0,0.0,0.000     0.000,1.5,0.0,0.0,0,10.0,0.0,20.7,23.8,18.4,42.0,34.0,34.0,34.0,34.0,23.0,23.0,23.0,23.0,0.0,0.0,0.0,0.0,0.0,0.0,0.0,0.0,0.0,0.0,0.0,0.0,0.0,4.9,12.4,17.2,22.1,355.7
123,2,8,1991,94,4,410.0,0.0,0.0,0.0,0.0,0.0,0.0,0.0,10.0,2.6,0.3,13,2.6,2.6,100,5.2,2.9,57,16.0,1.5,-9,0,0,0,0,38.1,38.1,0,0.53,2.6,2.6,2.6,100,12.1,3.9,18.5,0.72,0.8,77,0.25,0.0,0.0,410.0,410.0,1.5,410.0,626.0,483.0,446.3,170.5,305.0,161.0,0.0,0.0,0.0,0.000     0.000,1.5,0.0,0.0,0,10.0,0.0,17.7,23.8,18.4,42.0,34.0,34.0,34.0,34.0,23.0,23.0,23.0,23.0,0.0,0.0,0.0,0.0,0.0,0.0,0.0,0.0,0.0,0.0,0.0,0.0,0.0,4.9,9.9,16.0,22.1,355.7
124,3,8,1991,95,4,407.2,0.0,0.0,0.0,0.0,0.0,0.0,0.0,10.0,2.4,0.2,10,2.5,2.5,100,5.0,2.7,55,18.0,1.5,-9,0,0,0,0,38.2,38.2,0,0.54,2.5,2.5,2.5,100,12.1,3.964,20.7,0.82,0.912,76,0.28,0.0,0.0,407.2,407.2,1.5,407.2,626.0,483.0,443.9,170.3,303.2,161.0,0.0,0.0,0.0,0.000     0.000,1.5,0.0,0.0,0,10.0,0.0,15.0,23.8,18.4,42.0,34.0,34.0,34.0,34.0,23.0,23.0,23.0,23.0,0.0,0.0,0.0,0.0,0.0,0.0,0.0,0.0,0.0,0.0,0.0,0.0,0.0,4.7,12.7,18.0,23.3,355.7
125,4,8,1991,96,4,404.8,0.0,0.0,0.0,0.0,0.0,0.0,0.0,10.0,2.2,0.2,7,2.3,2.3,100,4.4,2.4,54,17.6,1.5,-9,0,0,0,0,38.3,38.3,0,0.54,2.3,2.3,2.3,100,12.1,4.029,22.9,0.924,1.027,76,0.31,0.0,0.0,404.8,404.8,1.5,404.8,626.0,483.0,437.7,169.6,298.6,161.0,0.0,0.0,0.0,0.000     0.000,1.5,0.0,0.0,0,10.0,0.0,12.6,23.8,18.4,42.0,34.0,34.0,34.0,34.0,23.0,23.0,23.0,23.0,0.0,0.0,0.0,0.0,0.0,0.0,0.0,0.0,0.0,0.0,0.0,0.0,0.0,4.2,11.9,17.6,23.3,355.7
126,5,8,1991,97,4,402.4,0.0,0.0,0.0,0.0,0.0,0.0,0.0,10.0,2.2,0.1,6,2.3,2.3,100,4.5,2.5,54,17.5,1.5,-9,0,0,0,0,38.4,38.4,0,0.54,2.3,2.3,2.3,100,12.1,4.094,25.2,1.031,1.146,75,0.35,0.0,0.0,402.4,402.4,1.5,402.3,626.0,483.0,439.0,169.7,299.6,161.0,0.0,0.0,0.0,0.000     0.000,1.5,0.0,0.0,0,10.0,0.0,12.5,21.5,18.4,42.0,34.0,34.0,34.0,34.0,23.0,23.0,23.0,23.0,0.0,0.0,0.0,0.0,0.0,0.0,0.0,0.0,0.0,0.0,0.0,0.0,0.0,4.3,13.3,17.5,21.6,355.7
127,6,8,1991,98,4,400.8,2.6,0.0,0.0,2.6,0.0,0.0,0.0,10.0,2.0,2.0,100,2.1,2.1,100,4.1,4.1,100,17.7,1.5,-9,0,0,0,0,38.5,38.5,0,0.54,2.1,2.1,2.1,100,12.1,4.16,27.4,1.141,1.268,75,0.38,0.0,0.0,400.8,400.8,1.5,400.8,626.0,483.0,434.0,169.2,295.9,161.0,0.0,0.0,0.0,0.000     0.000,1.5,0.0,0.0,0,10.0,0.0,13.1,19.4,18.4,42.0,34.0,34.0,34.0,34.0,23.0,23.0,23.0,23.0,0.0,0.0,0.0,0.0,0.0,0.0,0.0,0.0,0.0,0.0,0.0,0.0,2.6,3.9,11.8,17.7,23.6,355.7
128,7,8,1991,99,4,399.2,2.2,0.0,0.0,2.2,0.0,0.0,0.0,10.0,1.9,1.9,100,2.0,2.0,100,3.8,3.8,100,19.6,1.5,-9,0,0,0,0,38.6,38.6,0,0.55,2.0,2.0,2.0,100,12.1,4.226,29.7,1.254,1.393,75,0.41,0.0,0.0,399.2,399.2,1.5,399.2,626.0,483.0,430.4,168.8,293.2,161.0,0.0,0.0,0.0,0.000     0.000,1.5,0.0,0.0,0,10.0,0.0,13.4,17.4,18.4,42.0,34.0,34.0,34.0,34.0,23.0,23.0,23.0,23.0,0.0,0.0,0.0,0.0,0.0,0.0,0.0,0.0,0.0,0.0,0.0,0.0,2.2,3.6,15.1,19.6,24.1,355.7
129,8,8,1991,100,4,401.3,5.2,0.0,0.0,5.2,0.0,0.0,0.0,10.0,1.5,1.5,100,1.6,1.6,100,3.1,3.1,100,20.1,1.5,-9,0,0,0,0,38.7,38.7,0,0.55,1.6,1.6,1.6,100,12.1,4.292,31.9,1.37,1.522,74,0.44,0.0,0.0,401.3,401.3,1.5,401.3,626.0,483.0,421.7,167.8,286.9,161.0,0.0,0.0,0.0,0.000     0.000,1.5,0.0,0.0,0,10.0,0.0,15.5,17.4,18.4,42.0,34.0,34.0,34.0,34.0,23.0,23.0,23.0,23.0,0.0,0.0,0.0,0.0,0.0,0.0,0.0,0.0,0.0,0.0,0.0,0.0,5.2,2.9,16.5,20.1,23.6,355.7
130,9,8,1991,101,4,401.2,4.3,0.0,0.0,4.3,0.0,0.0,0.0,10.0,2.1,2.1,100,2.3,2.3,100,4.5,4.5,100,19.4,1.5,-9,0,0,0,0,38.8,38.8,0,0.55,2.3,2.3,2.3,100,12.1,4.358,34.2,1.489,1.654,74,0.47,0.0,0.0,401.2,401.2,1.5,401.2,626.0,483.0,437.7,169.6,298.6,161.0,0.0,0.0,0.0,0.000     0.000,1.5,0.0,0.0,0,10.0,0.0,15.4,17.4,18.4,42.0,34.0,34.0,34.0,34.0,23.0,23.0,23.0,23.0,0.0,0.0,0.0,0.0,0.0,0.0,0.0,0.0,0.0,0.0,0.0,0.0,4.3,4.2,14.2,19.4,24.5,355.7
131,10,8,1991,102,4,399.4,1.2,0.0,0.0,1.2,0.0,0.0,0.0,10.0,1.6,1.2,75,1.8,1.8,100,3.4,3.0,88,16.6,1.5,-9,0,0,0,0,38.9,38.9,0,0.55,1.8,1.8,1.8,100,12.1,4.425,36.4,1.611,1.79,74,0.51,0.0,0.0,399.4,399.4,1.5,399.4,626.0,483.0,425.4,168.2,289.6,161.0,0.0,0.0,0.0,0.000     0.000,1.5,0.0,0.0,0,10.0,0.0,13.6,17.4,18.4,42.0,34.0,34.0,34.0,34.0,23.0,23.0,23.0,23.0,0.0,0.0,0.0,0.0,0.0,0.0,0.0,0.0,0.0,0.0,0.0,0.0,1.2,3.2,13.3,16.6,19.9,355.7
132,11,8,1991,103,4,399.3,3.1,0.0,0.0,3.1,0.0,0.0,0.0,10.0,1.5,1.5,100,1.7,1.7,100,3.2,3.2,100,15.8,1.5,-9,0,0,0,0,39.0,39.0,0,0.56,1.7,1.7,1.7,100,12.1,4.492,38.6,1.736,1.929,73,0.54,0.0,0.0,399.3,399.3,1.5,399.3,626.0,483.0,423.0,168.0,287.8,161.0,0.0,0.0,0.0,0.000     0.000,1.5,0.0,0.0,0,10.0,0.0,13.5,17.4,18.4,42.0,34.0,34.0,34.0,34.0,23.0,23.0,23.0,23.0,0.0,0.0,0.0,0.0,0.0,0.0,0.0,0.0,0.0,0.0,0.0,0.0,3.1,3.0,12.2,15.8,19.5,355.7
133,12,8,1991,104,4,397.6,1.6,0.0,0.0,1.6,0.0,0.0,0.0,10.0,1.6,1.6,100,1.7,1.7,100,3.3,3.3,100,16.1,1.5,-9,0,0,0,0,39.1,39.1,0,0.56,1.7,1.7,1.7,100,12.1,4.559,40.9,1.864,2.071,73,0.58,0.0,0.0,397.6,397.6,1.5,397.6,626.0,483.0,424.2,168.1,288.7,161.0,0.0,0.0,0.0,0.000     0.000,1.5,0.0,0.0,0,10.0,0.0,13.5,15.7,18.4,42.0,34.0,34.0,34.0,34.0,23.0,23.0,23.0,23.0,0.0,0.0,0.0,0.0,0.0,0.0,0.0,0.0,0.0,0.0,0.0,0.0,1.6,3.1,12.2,16.1,20.1,355.7
134,13,8,1991,105,4,402.5,7.2,0.0,0.0,7.2,0.0,0.0,0.0,10.0,1.1,1.1,100,1.2,1.2,100,2.3,2.3,100,13.0,1.5,-9,0,0,0,0,39.2,39.2,4,0.56,1.2,1.2,1.2,100,12.1,4.624,43.1,1.994,2.216,72,0.61,0.0,0.0,402.5,402.5,1.5,402.5,626.0,483.0,413.1,166.9,280.5,161.0,0.0,0.0,0.0,0.000     0.000,1.5,0.0,0.0,0,10.0,0.0,18.4,15.7,18.4,42.0,34.0,34.0,34.0,34.0,23.0,23.0,23.0,23.0,0.0,0.0,0.0,0.0,0.0,0.0,0.0,0.0,0.0,0.0,0.0,0.0,7.2,2.2,10.4,13.0,15.6,355.7
135,14,8,1991,106,4,402.4,2.8,0.0,0.0,2.8,0.0,0.0,0.0,10.0,1.4,1.4,100,1.5,1.5,100,2.9,2.9,100,14.7,1.5,-9,0,0,0,0,39.3,39.3,0,0.56,1.5,1.5,1.5,100,12.1,4.692,45.4,2.129,2.366,72,0.65,0.0,0.0,402.4,402.4,1.5,402.4,626.0,483.0,419.3,167.6,285.1,161.0,0.0,0.0,0.0,0.000     0.000,1.5,0.0,0.0,0,10.0,0.0,18.3,15.7,18.4,42.0,34.0,34.0,34.0,34.0,23.0,23.0,23.0,23.0,0.0,0.0,0.0,0.0,0.0,0.0,0.0,0.0,0.0,0.0,0.0,0.0,2.8,2.7,11.2,14.7,18.2,355.7
136,15,8,1991,107,4,401.2,1.8,0.0,0.0,1.8,0.0,0.0,0.0,10.0,1.5,1.5,100,1.6,1.6,100,3.0,3.0,100,12.9,1.5,-9,0,0,0,0,39.3,39.3,4,0.56,1.6,1.6,1.6,100,12.1,4.757,47.6,2.265,2.517,72,0.68,0.0,0.0,401.2,401.2,1.5,401.1,626.0,483.0,421.7,167.8,286.9,161.0,0.0,0.0,0.0,0.000     0.000,1.5,0.0,0.0,0,10.0,0.0,17.1,15.7,18.4,42.0,34.0,34.0,34.0,34.0,23.0,23.0,23.0,23.0,0.0,0.0,0.0,0.0,0.0,0.0,0.0,0.0,0.0,0.0,0.0,0.0,1.8,2.9,9.4,12.9,16.3,355.7
137,16,8,1991,108,4,399.0,0.0,0.0,0.0,0.0,0.0,0.0,0.0,10.0,1.6,0.4,24,1.8,1.8,100,3.4,2.2,64,13.6,1.5,-9,0,0,0,0,39.4,39.4,3,0.57,1.8,1.8,1.8,100,12.1,4.824,49.9,2.405,2.672,72,0.72,0.0,0.0,399.0,399.0,1.5,399.0,626.0,483.0,425.4,168.2,289.6,161.0,0.0,0.0,0.0,0.000     0.000,1.5,0.0,0.0,0,10.0,0.0,14.9,15.7,18.4,42.0,34.0,34.0,34.0,34.0,23.0,23.0,23.0,23.0,0.0,0.0,0.0,0.0,0.0,0.0,0.0,0.0,0.0,0.0,0.0,0.0,0.0,3.2,8.6,13.6,18.5,355.7
138,17,8,1991,109,4,397.1,0.0,0.0,0.0,0.0,0.0,0.0,0.0,10.0,1.7,0.1,4,1.9,1.9,100,3.5,1.9,55,14.4,1.5,-9,0,0,0,0,39.5,39.5,0,0.57,1.9,1.9,1.9,100,12.1,4.892,52.1,2.549,2.832,71,0.76,0.0,0.0,397.1,397.1,1.5,397.1,626.0,483.0,426.7,168.4,290.5,161.0,0.0,0.0,0.0,0.000     0.000,1.5,0.0,0.0,0,10.0,0.0,13.0,15.7,18.4,42.0,34.0,34.0,34.0,34.0,23.0,23.0,23.0,23.0,0.0,0.0,0.0,0.0,0.0,0.0,0.0,0.0,0.0,0.0,0.0,0.0,0.0,3.3,8.3,14.4,20.5,355.7
139,18,8,1991,110,4,397.4,1.9,0.0,0.0,1.9,0.0,0.0,0.0,10.0,0.8,0.8,100,0.9,0.9,100,1.6,1.6,100,16.1,1.5,-9,0,0,0,0,39.6,39.6,0,0.57,0.9,0.9,0.9,100,12.1,4.961,54.3,2.696,2.996,71,0.8,0.0,0.0,397.4,397.4,1.5,397.3,626.0,483.0,404.5,166.0,274.2,161.0,0.0,0.0,0.0,0.000     0.000,1.5,0.0,0.0,0,10.0,0.0,13.3,15.7,18.4,42.0,34.0,34.0,34.0,34.0,23.0,23.0,23.0,23.0,0.0,0.0,0.0,0.0,0.0,0.0,0.0,0.0,0.0,0.0,0.0,0.0,1.9,1.5,12.2,16.1,20.1,355.7
140,19,8,1991,111,4,398.4,3.2,0.0,0.0,3.2,0.0,0.0,0.0,10.0,1.0,1.0,100,1.1,1.1,100,2.1,2.1,100,16.6,1.5,-9,0,0,0,0,39.6,39.6,0,0.57,1.1,1.1,1.1,100,12.1,5.03,56.6,2.846,3.163,71,0.84,0.0,0.0,398.4,398.4,1.5,398.4,626.0,483.0,410.7,166.6,278.7,161.0,0.0,0.0,0.0,0.000     0.000,1.5,0.0,0.0,0,10.0,0.0,14.3,15.7,18.4,42.0,34.0,34.0,34.0,34.0,23.0,23.0,23.0,23.0,0.0,0.0,0.0,0.0,0.0,0.0,0.0,0.0,0.0,0.0,0.0,0.0,3.2,2.0,11.3,16.6,21.9,355.7
141,20,8,1991,112,4,404.0,6.9,0.0,0.0,6.9,0.0,0.0,0.0,10.0,0.6,0.6,100,0.7,0.7,100,1.3,1.3,100,16.5,1.5,-9,0,0,0,0,39.7,39.7,0,0.57,0.7,0.7,0.7,100,12.1,5.099,56.6,2.885,3.206,71,0.85,0.0,0.0,404.0,404.0,1.5,404.0,626.0,483.0,400.8,165.6,271.5,161.0,0.0,0.0,0.0,0.000     0.000,1.5,0.0,0.0,0,10.0,0.0,19.9,15.7,18.4,42.0,34.0,34.0,34.0,34.0,23.0,23.0,23.0,23.0,0.0,0.0,0.0,0.0,0.0,0.0,0.0,0.0,0.0,0.0,0.0,0.0,6.9,1.2,12.7,16.5,20.4,355.7
142,21,8,1991,-9,0,421.7,19.0,0.0,0.0,19.0,0.0,0.0,0.0,10.0,1.3,1.3,100,0.0,0.0,100,1.3,1.3,100,14.8,1.5,-9,-9,0,0,-9,0.0,0.0,0,-9.0,0.0,0.0,0.0,100,12.1,5.099,56.6,2.885,3.206,71,0.85,0.0,0.0,421.7,421.7,1.5,421.7,626.0,483.0,400.8,165.6,271.5,161.0,0.0,0.0,0.0,0.000     0.000,1.5,0.0,0.0,0,10.0,0.0,37.6,15.7,18.4,42.0,34.0,34.0,34.0,34.0,23.0,23.0,23.0,23.0,0.0,0.0,0.0,0.0,0.0,0.0,0.0,0.0,0.0,0.0,0.0,0.0,19.0,1.2,12.2,14.8,17.4,355.7
143,22,8,1991,-9,0,418.8,0.0,0.0,0.0,0.0,0.0,0.0,0.0,10.0,2.9,2.9,100,0.0,0.0,100,2.9,2.9,100,14.7,1.5,-9,-9,0,0,-9,0.0,0.0,0,-9.0,0.0,0.0,0.0,100,12.1,5.099,56.6,2.885,3.206,71,0.85,0.0,0.0,418.8,418.8,1.5,418.8,626.0,483.0,400.8,167.4,271.5,161.0,0.0,0.0,0.0,0.000     0.000,1.5,0.0,0.0,0,10.0,0.0,34.7,15.7,18.4,42.0,34.0,34.0,34.0,34.0,23.0,23.0,23.0,23.0,0.0,0.0,0.0,0.0,0.0,0.0,0.0,0.0,0.0,0.0,0.0,0.0,0.0,2.6,10.2,14.7,19.1,355.7
144,23,8,1991,-9,0,416.0,0.0,0.0,0.0,0.0,0.0,0.0,0.0,10.0,2.9,2.9,100,0.0,0.0,100,2.9,2.9,100,14.2,1.5,-9,-9,0,0,-9,0.0,0.0,0,-9.0,0.0,0.0,0.0,100,12.1,5.099,56.6,2.885,3.206,71,0.85,0.0,0.0,416.0,416.0,1.5,415.9,626.0,483.0,400.8,167.4,271.5,161.0,0.0,0.0,0.0,0.000     0.000,1.5,0.0,0.0,0,10.0,0.0,31.9,15.7,18.4,42.0,34.0,34.0,34.0,34.0,23.0,23.0,23.0,23.0,0.0,0.0,0.0,0.0,0.0,0.0,0.0,0.0,0.0,0.0,0.0,0.0,0.0,2.6,9.6,14.2,18.9,355.7
145,24,8,1991,-9,0,413.1,0.0,0.0,0.0,0.0,0.0,0.0,0.0,10.0,2.9,2.9,100,0.0,0.0,100,2.9,2.9,100,13.7,1.5,-9,-9,0,0,-9,0.0,0.0,0,-9.0,0.0,0.0,0.0,100,12.1,5.099,56.6,2.885,3.206,71,0.85,0.0,0.0,413.1,413.1,1.5,413.1,626.0,483.0,400.8,167.4,271.5,161.0,0.0,0.0,0.0,0.000     0.000,1.5,0.0,0.0,0,10.0,0.0,29.0,15.7,18.4,42.0,34.0,34.0,34.0,34.0,23.0,23.0,23.0,23.0,0.0,0.0,0.0,0.0,0.0,0.0,0.0,0.0,0.0,0.0,0.0,0.0,0.0,2.6,10.3,13.7,17.0,355.7
146,25,8,1991,-9,0,409.5,0.0,0.0,0.0,0.0,0.0,0.0,0.0,10.0,3.6,3.6,100,0.0,0.0,100,3.6,3.6,100,13.3,1.5,-9,-9,0,0,-9,0.0,0.0,0,-9.0,0.0,0.0,0.0,100,12.1,5.099,56.6,2.885,3.206,71,0.85,0.0,0.0,409.5,409.5,1.5,409.5,626.0,483.0,400.8,168.4,271.5,161.0,0.0,0.0,0.0,0.000     0.000,1.5,0.0,0.0,0,10.0,0.0,25.4,15.7,18.4,42.0,34.0,34.0,34.0,34.0,23.0,23.0,23.0,23.0,0.0,0.0,0.0,0.0,0.0,0.0,0.0,0.0,0.0,0.0,0.0,0.0,0.0,3.3,8.8,13.3,17.9,355.7
147,26,8,1991,-9,0,407.8,0.0,0.0,0.0,0.0,0.0,0.0,0.0,10.0,3.3,1.7,51,0.0,0.0,100,3.3,1.7,51,12.9,1.5,-9,-9,0,0,-9,0.0,0.0,0,-9.0,0.0,0.0,0.0,100,12.1,5.099,56.6,2.885,3.206,71,0.85,0.0,0.0,407.8,407.8,1.5,407.8,626.0,483.0,400.8,168.0,271.5,161.0,0.0,0.0,0.0,0.000     0.000,1.5,0.0,0.0,0,10.0,0.0,23.7,15.7,18.4,42.0,34.0,34.0,34.0,34.0,23.0,23.0,23.0,23.0,0.0,0.0,0.0,0.0,0.0,0.0,0.0,0.0,0.0,0.0,0.0,0.0,0.0,3.0,7.4,12.9,18.3,355.7
148,27,8,1991,-9,0,419.1,12.4,0.0,0.0,12.4,0.0,0.0,0.0,10.0,1.1,1.1,100,0.0,0.0,100,1.1,1.1,100,12.3,1.5,-9,-9,0,0,-9,0.0,0.0,0,-9.0,0.0,0.0,0.0,100,12.1,5.099,56.6,2.885,3.206,71,0.85,0.0,0.0,419.1,419.1,1.5,419.1,626.0,483.0,400.8,165.3,271.5,161.0,0.0,0.0,0.0,0.000     0.000,1.5,0.0,0.0,0,10.0,0.0,35.0,15.7,18.4,42.0,34.0,34.0,34.0,34.0,23.0,23.0,23.0,23.0,0.0,0.0,0.0,0.0,0.0,0.0,0.0,0.0,0.0,0.0,0.0,0.0,12.4,1.0,8.6,12.3,16.0,355.7
149,28,8,1991,-9,0,430.4,12.7,0.0,0.0,12.6,0.1,0.0,0.0,10.0,1.2,1.2,100,0.0,0.0,100,1.2,1.2,100,14.9,1.5,-9,-9,0,0,-9,0.0,0.0,0,-9.0,0.0,0.0,0.0,100,12.1,5.099,56.6,2.885,3.206,71,0.85,0.0,0.0,430.4,430.4,1.5,430.4,626.0,483.0,400.8,165.4,271.5,161.0,0.0,0.0,0.0,0.000     0.000,1.5,0.0,0.0,0,10.0,0.0,46.4,15.7,18.4,42.0,34.0,34.0,34.0,34.0,23.0,23.0,23.0,23.0,0.0,0.0,0.0,0.0,0.0,0.0,0.0,0.0,0.0,0.0,0.0,0.0,12.7,1.1,11.9,14.9,17.8,355.7
150,29,8,1991,-9,0,431.8,2.9,0.0,0.0,2.9,0.0,0.0,0.0,10.0,1.5,1.5,100,0.0,0.0,100,1.5,1.5,100,15.1,1.5,-9,-9,0,0,-9,0.0,0.0,0,-9.0,0.0,0.0,0.0,100,12.1,5.099,56.6,2.885,3.206,71,0.85,0.0,0.0,431.8,431.8,1.5,431.8,626.0,483.0,400.8,165.8,271.5,161.0,0.0,0.0,0.0,0.000     0.000,1.5,0.0,0.0,0,10.0,0.0,46.5,16.9,18.4,42.0,34.0,34.0,34.0,34.0,23.0,23.0,23.0,23.0,0.0,0.0,0.0,0.0,0.0,0.0,0.0,0.0,0.0,0.0,0.0,0.0,2.9,1.4,11.4,15.1,18.8,355.7
151,30,8,1991,-9,0,437.0,6.3,0.0,0.0,6.3,0.0,0.0,0.0,10.0,1.1,1.1,100,0.0,0.0,100,1.1,1.1,100,14.4,1.5,-9,-9,0,0,-9,0.0,0.0,0,-9.0,0.0,0.0,0.0,100,12.1,5.099,56.6,2.885,3.206,71,0.85,0.0,0.0,437.0,437.0,1.5,437.0,626.0,483.0,400.8,165.3,271.5,161.0,0.0,0.0,0.0,0.000     0.000,1.5,0.0,0.0,0,10.0,0.0,46.9,21.7,18.4,42.0,34.0,34.0,34.0,34.0,23.0,23.0,23.0,23.0,0.0,0.0,0.0,0.0,0.0,0.0,0.0,0.0,0.0,0.0,0.0,0.0,6.3,1.0,12.8,14.4,16.0,355.7
152,31,8,1991,-9,0,436.5,2.5,0.0,0.0,2.5,0.0,0.0,0.0,10.0,3.0,3.0,100,0.0,0.0,100,3.0,3.0,100,16.1,1.5,-9,-9,0,0,-9,0.0,0.0,0,-9.0,0.0,0.0,0.0,100,12.1,5.099,56.6,2.885,3.206,71,0.85,0.0,0.0,436.5,436.5,1.5,436.5,626.0,483.0,400.8,167.6,271.5,161.0,0.0,0.0,0.0,0.000     0.000,1.5,0.0,0.0,0,10.0,0.0,44.9,23.2,18.4,42.0,34.0,34.0,34.0,34.0,23.0,23.0,23.0,23.0,0.0,0.0,0.0,0.0,0.0,0.0,0.0,0.0,0.0,0.0,0.0,0.0,2.5,2.7,11.8,16.1,20.4,355.7
153,1,9,1991,-9,0,433.7,0.0,0.0,0.0,0.0,0.0,0.0,0.0,10.0,3.3,2.8,85,0.0,0.0,100,3.3,2.8,85,14.0,1.5,-9,-9,0,0,-9,0.0,0.0,0,-9.0,0.0,0.0,0.0,100,12.1,5.099,56.6,2.885,3.206,71,0.85,0.0,0.0,433.7,433.7,1.5,433.7,626.0,483.0,400.8,168.0,271.5,161.0,0.0,0.0,0.0,0.000     0.000,1.5,0.0,0.0,0,10.0,0.0,42.1,23.2,18.4,42.0,34.0,34.0,34.0,34.0,23.0,23.0,23.0,23.0,0.0,0.0,0.0,0.0,0.0,0.0,0.0,0.0,0.0,0.0,0.0,0.0,0.0,3.0,9.3,14.0,18.7,355.7
154,2,9,1991,-9,0,431.7,0.0,0.0,0.0,0.0,0.0,0.0,0.0,10.0,2.9,2.0,69,0.0,0.0,100,2.9,2.0,69,12.2,1.5,-9,-9,0,0,-9,0.0,0.0,0,-9.0,0.0,0.0,0.0,100,12.1,5.099,56.6,2.885,3.206,71,0.85,0.0,0.0,431.7,431.7,1.5,431.7,626.0,483.0,400.8,167.4,271.5,161.0,0.0,0.0,0.0,0.000     0.000,1.5,0.0,0.0,0,10.0,0.0,40.1,23.2,18.4,42.0,34.0,34.0,34.0,34.0,23.0,23.0,23.0,23.0,0.0,0.0,0.0,0.0,0.0,0.0,0.0,0.0,0.0,0.0,0.0,0.0,0.0,2.6,7.8,12.2,16.6,355.7
155,3,9,1991,-9,0,430.1,0.0,0.0,0.0,0.0,0.0,0.0,0.0,10.0,2.8,1.6,59,0.0,0.0,100,2.8,1.6,59,12.8,1.5,-9,-9,0,0,-9,0.0,0.0,0,-9.0,0.0,0.0,0.0,100,12.1,5.099,56.6,2.885,3.206,71,0.85,0.0,0.0,430.1,430.1,1.5,430.1,626.0,483.0,400.8,167.3,271.5,161.0,0.0,0.0,0.0,0.000     0.000,1.5,0.0,0.0,0,10.0,0.0,38.5,23.2,18.4,42.0,34.0,34.0,34.0,34.0,23.0,23.0,23.0,23.0,0.0,0.0,0.0,0.0,0.0,0.0,0.0,0.0,0.0,0.0,0.0,0.0,0.0,2.5,5.8,12.8,19.7,355.7
156,4,9,1991,-9,0,428.5,0.0,0.0,0.0,0.0,0.0,0.0,0.0,10.0,3.1,1.6,51,0.0,0.0,100,3.1,1.6,51,15.5,1.5,-9,-9,0,0,-9,0.0,0.0,0,-9.0,0.0,0.0,0.0,100,12.1,5.099,56.6,2.885,3.206,71,0.85,0.0,0.0,428.5,428.5,1.5,428.5,626.0,483.0,400.8,167.7,271.5,161.0,0.0,0.0,0.0,0.000     0.000,1.5,0.0,0.0,0,10.0,0.0,36.9,23.2,18.4,42.0,34.0,34.0,34.0,34.0,23.0,23.0,23.0,23.0,0.0,0.0,0.0,0.0,0.0,0.0,0.0,0.0,0.0,0.0,0.0,0.0,0.0,2.8,10.2,15.5,20.8,355.7
157,5,9,1991,-9,0,432.1,5.5,0.0,0.0,5.5,0.0,0.0,0.0,10.0,2.0,2.0,100,0.0,0.0,100,2.0,2.0,100,11.1,1.5,-9,-9,0,0,-9,0.0,0.0,0,-9.0,0.0,0.0,0.0,100,12.1,5.099,56.6,2.885,3.206,71,0.85,0.0,0.0,432.1,432.1,1.5,432.1,626.0,483.0,400.8,166.4,271.5,161.0,0.0,0.0,0.0,0.000     0.000,1.5,0.0,0.0,0,10.0,0.0,40.5,23.2,18.4,42.0,34.0,34.0,34.0,34.0,23.0,23.0,23.0,23.0,0.0,0.0,0.0,0.0,0.0,0.0,0.0,0.0,0.0,0.0,0.0,0.0,5.5,1.8,7.5,11.1,14.6,355.7
158,6,9,1991,-9,0,441.4,10.6,0.0,0.0,10.4,0.2,0.0,0.0,10.0,1.1,1.1,100,0.0,0.0,100,1.1,1.1,100,8.2,1.5,-9,-9,0,0,-9,0.0,0.0,0,-9.0,0.0,0.0,0.0,100,12.1,5.099,56.6,2.885,3.206,71,0.85,0.0,0.0,441.4,441.4,1.5,441.4,626.0,483.0,400.8,165.3,271.5,161.0,0.0,0.0,0.0,0.000     0.000,1.5,0.0,0.0,0,10.0,0.0,46.9,26.1,18.4,42.0,34.0,34.0,34.0,34.0,23.0,23.0,23.0,23.0,0.0,0.0,0.0,0.0,0.0,0.0,0.0,0.0,0.0,0.0,0.0,0.0,10.6,1.0,4.8,8.2,11.5,355.7
159,7,9,1991,-9,0,439.4,0.0,0.0,0.0,0.0,0.0,0.0,0.0,10.0,2.0,2.0,100,0.0,0.0,100,2.0,2.0,100,5.3,1.5,-9,-9,0,0,-9,0.0,0.0,0,-9.0,0.0,0.0,0.0,100,12.1,5.099,56.6,2.885,3.206,71,0.85,0.0,0.0,439.4,439.4,1.5,439.4,626.0,483.0,400.8,166.4,271.5,161.0,0.0,0.0,0.0,0.000     0.000,1.5,0.0,0.0,0,10.0,0.0,43.4,27.6,18.4,42.0,34.0,34.0,34.0,34.0,23.0,23.0,23.0,23.0,0.0,0.0,0.0,0.0,0.0,0.0,0.0,0.0,0.0,0.0,0.0,0.0,0.0,1.8,1.5,5.3,9.1,355.7
160,8,9,1991,-9,0,437.5,0.0,0.0,0.0,0.0,0.0,0.0,0.0,10.0,1.9,1.9,100,0.0,0.0,100,1.9,1.9,100,5.0,1.5,-9,-9,0,0,-9,0.0,0.0,0,-9.0,0.0,0.0,0.0,100,12.1,5.099,56.6,2.885,3.206,71,0.85,0.0,0.0,437.5,437.5,1.5,437.5,626.0,483.0,400.8,166.2,271.5,161.0,0.0,0.0,0.0,0.000     0.000,1.5,0.0,0.0,0,10.0,0.0,41.5,27.6,18.4,42.0,34.0,34.0,34.0,34.0,23.0,23.0,23.0,23.0,0.0,0.0,0.0,0.0,0.0,0.0,0.0,0.0,0.0,0.0,0.0,0.0,0.0,1.7,1.0,5.0,9.0,355.7
161,9,9,1991,-9,0,437.4,1.4,0.0,0.0,1.4,0.0,0.0,0.0,10.0,1.5,1.5,100,0.0,0.0,100,1.5,1.5,100,7.5,1.5,-9,-9,0,0,-9,0.0,0.0,0,-9.0,0.0,0.0,0.0,100,12.1,5.099,56.6,2.885,3.206,71,0.85,0.0,0.0,437.4,437.4,1.5,437.4,626.0,483.0,400.8,165.8,271.5,161.0,0.0,0.0,0.0,0.000     0.000,1.5,0.0,0.0,0,10.0,0.0,41.4,27.6,18.4,42.0,34.0,34.0,34.0,34.0,23.0,23.0,23.0,23.0,0.0,0.0,0.0,0.0,0.0,0.0,0.0,0.0,0.0,0.0,0.0,0.0,1.4,1.4,3.5,7.5,11.4,355.7
162,10,9,1991,-9,0,435.7,0.0,0.0,0.0,0.0,0.0,0.0,0.0,10.0,1.8,1.6,93,0.0,0.0,100,1.8,1.6,93,9.8,1.5,-9,-9,0,0,-9,0.0,0.0,0,-9.0,0.0,0.0,0.0,100,12.1,5.099,56.6,2.885,3.206,71,0.85,0.0,0.0,435.7,435.7,1.5,435.7,626.0,483.0,400.8,166.1,271.5,161.0,0.0,0.0,0.0,0.000     0.000,1.5,0.0,0.0,0,10.0,0.0,39.7,27.6,18.4,42.0,34.0,34.0,34.0,34.0,23.0,23.0,23.0,23.0,0.0,0.0,0.0,0.0,0.0,0.0,0.0,0.0,0.0,0.0,0.0,0.0,0.0,1.6,6.3,9.8,13.4,355.7
163,11,9,1991,-9,0,434.3,0.0,0.0,0.0,0.0,0.0,0.0,0.0,10.0,1.8,1.4,81,0.0,0.0,100,1.8,1.4,81,11.4,1.5,-9,-9,0,0,-9,0.0,0.0,0,-9.0,0.0,0.0,0.0,100,12.1,5.099,56.6,2.885,3.206,71,0.85,0.0,0.0,434.3,434.3,1.5,434.3,626.0,483.0,400.8,166.1,271.5,161.0,0.0,0.0,0.0,0.000     0.000,1.5,0.0,0.0,0,10.0,0.0,38.3,27.6,18.4,42.0,34.0,34.0,34.0,34.0,23.0,23.0,23.0,23.0,0.0,0.0,0.0,0.0,0.0,0.0,0.0,0.0,0.0,0.0,0.0,0.0,0.0,1.6,6.3,11.4,16.5,355.7
164,12,9,1991,-9,0,440.7,7.6,0.0,0.0,7.6,0.0,0.0,0.0,10.0,1.2,1.2,100,0.0,0.0,100,1.2,1.2,100,9.2,1.5,-9,-9,0,0,-9,0.0,0.0,0,-9.0,0.0,0.0,0.0,100,12.1,5.099,56.6,2.885,3.206,71,0.85,0.0,0.0,440.7,440.7,1.5,440.7,626.0,483.0,400.8,165.4,271.5,161.0,0.0,0.0,0.0,0.000     0.000,1.5,0.0,0.0,0,10.0,0.0,44.7,27.6,18.4,42.0,34.0,34.0,34.0,34.0,23.0,23.0,23.0,23.0,0.0,0.0,0.0,0.0,0.0,0.0,0.0,0.0,0.0,0.0,0.0,0.0,7.6,1.1,6.5,9.2,11.8,355.7
165,13,9,1991,-9,0,438.9,0.0,0.0,0.0,0.0,0.0,0.0,0.0,10.0,1.8,1.8,100,0.0,0.0,100,1.8,1.8,100,7.2,1.5,-9,-9,0,0,-9,0.0,0.0,0,-9.0,0.0,0.0,0.0,100,12.1,5.099,56.6,2.885,3.206,71,0.85,0.0,0.0,438.9,438.9,1.5,438.9,626.0,483.0,400.8,166.1,271.5,161.0,0.0,0.0,0.0,0.000     0.000,1.5,0.0,0.0,0,10.0,0.0,42.9,27.6,18.4,42.0,34.0,34.0,34.0,34.0,23.0,23.0,23.0,23.0,0.0,0.0,0.0,0.0,0.0,0.0,0.0,0.0,0.0,0.0,0.0,0.0,0.0,1.6,3.8,7.2,10.6,355.7
166,14,9,1991,-9,0,440.5,2.2,0.0,0.0,2.2,0.0,0.0,0.0,10.0,0.7,0.7,100,0.0,0.0,100,0.7,0.7,100,6.1,1.5,-9,-9,0,0,-9,0.0,0.0,0,-9.0,0.0,0.0,0.0,100,12.1,5.099,56.6,2.885,3.206,71,0.85,0.0,0.0,440.5,440.5,1.5,440.5,626.0,483.0,400.8,164.8,271.5,161.0,0.0,0.0,0.0,0.000     0.000,1.5,0.0,0.0,0,10.0,0.0,44.5,27.6,18.4,42.0,34.0,34.0,34.0,34.0,23.0,23.0,23.0,23.0,0.0,0.0,0.0,0.0,0.0,0.0,0.0,0.0,0.0,0.0,0.0,0.0,2.2,0.6,3.6,6.1,8.6,355.7
167,15,9,1991,-9,0,438.5,0.0,0.0,0.0,0.0,0.0,0.0,0.0,10.0,2.0,2.0,99,0.0,0.0,100,2.0,2.0,99,9.0,1.5,-9,-9,0,0,-9,0.0,0.0,0,-9.0,0.0,0.0,0.0,100,12.1,5.099,56.6,2.885,3.206,71,0.85,0.0,0.0,438.5,438.5,1.5,438.5,626.0,483.0,400.8,166.4,271.5,161.0,0.0,0.0,0.0,0.000     0.000,1.5,0.0,0.0,0,10.0,0.0,42.5,27.6,18.4,42.0,34.0,34.0,34.0,34.0,23.0,23.0,23.0,23.0,0.0,0.0,0.0,0.0,0.0,0.0,0.0,0.0,0.0,0.0,0.0,0.0,0.0,1.8,4.0,9.0,14.0,355.7
