,Tx,Tn,Pr,ET0
20100401,0.46,0.04,0.0,1.168704984012565
20100402,0.63,0.03,0.0,0.8513755815766811
20100403,2.59,0.06,0.0,1.0454965407475243
20100404,3.74,0.05,0.0,0.49649476915846014
20100405,9.47,-0.56,0.0,1.225574337807461
20100406,10.59,-0.52,3.83,1.2819069162162005
20100407,4.7,-1.51,7.49,0.3779367064478377
20100408,5.62,-1.69,0.0,0.7298478554179662
20100409,8.78,0.95,0.0,1.3056625907327992
20100410,11.78,2.64,0.0,1.7187572451471407
20100411,13.52,0.52,0.0,1.602767289824042
20100412,10.67,-0.89,0.0,2.296270256515592
20100413,12.01,-2.18,0.0,2.319740496515617
20100414,9.43,-1.01,0.0,1.422198623694969
20100415,10.42,-1.14,0.0,2.492151800453376
20100416,10.9,0.33,0.0,1.743389975212524
20100417,7.93,0.69,0.0,1.718532371389484
20100418,5.3,-1.99,5.95,1.3899756796800447
20100419,6.87,-2.27,1.94,1.2463509577716456
20100420,9.62,-2.81,0.0,2.169671252055075
20100421,9.05,-1.16,0.0,1.5776490240324372
20100422,8.04,1.58,3.65,0.7470013228547024
20100423,5.51,-0.29,2.64,1.0675560909080817
20100424,6.63,-0.18,0.0,1.4243375265333755
20100425,7.58,-0.57,0.0,2.5694474103850684
20100426,11.19,-1.06,0.0,2.4114482858401756
20100427,12.49,-0.71,0.0,2.341482481565496
20100428,9.25,-1.5,0.0,2.3570065400079567
20100429,6.23,-1.5,4.47,1.531849622090367
20100430,15.16,5.94,2.76,1.3535093843256758
20100501,12.94,5.5,5.28,1.0360593622486058
20100502,13.58,0.9,1.74,1.9577474597156321
20100503,11.4,-0.23,0.0,3.3949615840273837
20100504,9.86,1.77,13.92,0.6432365530356132
20100505,8.58,-0.78,0.0,1.101871163103611
20100506,13.15,-2.6,0.0,2.953723206781951
20100507,6.06,3.29,9.15,0.7772945437610634
20100508,21.91,5.17,2.66,3.163022914067974
20100509,16.69,6.93,5.04,2.4781846663304328
20100510,9.13,2.71,10.45,0.9914549669542725
20100511,12.55,2.65,0.0,1.3827039478411904
20100512,18.43,5.5,0.0,1.9715857428455899
20100513,22.06,9.79,2.42,4.017252292470044
20100514,24.13,12.23,0.0,4.237567871996577
20100515,21.5,12.07,1.44,3.412204741077783
20100516,22.53,12.44,1.91,3.541631346600048
20100517,21.04,13.01,4.72,2.367332746083959
20100518,20.82,14.46,2.85,3.595865325577455
20100519,21.46,11.08,0.0,4.945445329232402
20100520,24.8,8.76,0.0,5.02399449542498
20100521,25.5,11.85,0.0,5.037699758188991
20100522,21.68,9.07,0.0,4.305940497450248
20100523,20.0,8.22,1.14,4.093285844597517
20100524,14.64,7.43,2.26,2.2796189013953656
20100525,16.21,6.45,0.0,3.0396816351275584
20100526,10.73,5.9,6.39,1.2004431974683674
20100527,12.23,8.71,8.31,1.286290737075505
20100528,13.06,5.87,3.69,1.0804014961937323
20100529,14.66,5.08,3.41,1.7518841606547932
20100530,14.58,6.19,1.13,2.6937594858265923
20100531,19.58,6.12,0.0,3.9606490414785624
20100601,19.12,7.97,2.77,4.281062741400768
20100602,19.71,10.13,9.7,1.7053888832261013
20100603,19.69,9.48,0.0,2.0254535223312167
20100604,17.51,9.36,0.0,3.9560183929792663
20100605,13.8,7.07,0.0,3.0599035526840836
20100606,15.61,5.33,0.0,4.130771049903242
20100607,18.63,6.69,0.0,3.173832173951852
20100608,10.87,6.36,18.6,1.2577824092996286
20100609,16.02,6.3,0.0,3.8573953682489774
20100610,19.81,8.31,1.49,2.7305682634228594
20100611,17.94,9.69,9.33,3.954189442530341
20100612,20.89,11.44,6.41,2.652420205631021
20100613,15.17,9.69,5.0,2.005385536382874
20100614,17.55,9.51,1.37,2.1164051270769844
20100615,15.89,8.43,2.19,2.137457934536076
20100616,14.25,7.54,4.28,1.6379886031305693
20100617,16.05,7.47,0.0,3.06576810199866
20100618,17.69,7.09,0.0,3.637168114906474
20100619,20.16,10.75,3.38,3.7065183275052345
20100620,18.33,12.82,9.6,1.3743080195822022
20100621,23.13,13.26,7.27,4.1717386594840615
20100622,15.05,11.26,20.98,1.3750688417105994
20100623,16.73,10.38,4.65,2.5217542683309477
20100624,19.62,8.91,1.23,2.3583584456108846
20100625,24.83,13.92,4.71,3.460664199456798
20100626,21.76,15.83,24.71,2.0201919059126165
20100627,17.99,9.49,2.4,3.839220108007349
20100628,21.16,8.07,0.0,5.297710910279625
20100629,23.34,12.19,0.0,5.441850014591633
20100630,24.6,11.12,0.0,5.056823084154502
20100701,24.38,16.07,3.04,4.100694450222129
20100702,21.44,12.58,0.0,3.598548285642201
20100703,20.64,11.38,0.0,5.466587527235507
20100704,26.34,12.0,0.0,5.879815018833326
20100705,26.67,14.44,0.0,5.906424520184147
20100706,29.37,15.3,0.0,5.625024858162653
20100707,29.82,18.45,3.57,4.578187588214516
20100708,29.13,18.4,2.22,4.408101585821372
20100709,24.48,17.19,3.35,3.0360004837316543
20100710,24.59,15.71,0.0,4.609314895906485
20100711,27.47,16.05,0.0,5.1627045959905224
20100712,32.04,17.55,0.0,5.40094183403614
20100713,29.28,18.44,0.0,5.503101051998438
20100714,29.19,18.2,0.0,5.854625834027495
20100715,29.83,20.1,0.0,5.791276712683043
20100716,27.73,19.56,3.5,4.623964231155199
20100717,25.0,18.79,0.0,4.193895815976058
20100718,26.9,18.12,0.0,4.110546883510773
20100719,25.69,14.73,3.35,3.386182331269865
20100720,23.75,13.65,0.0,4.905518073959634
20100721,26.55,15.88,0.0,4.410386431238334
20100722,27.37,15.14,0.0,5.183592386861389
20100723,27.26,19.81,2.37,4.227631162013329
20100724,28.05,18.26,4.48,4.583783842607291
20100725,29.31,17.5,0.0,4.831153948445044
20100726,28.94,20.13,0.0,4.341917991998198
20100727,30.26,19.48,1.41,4.726563279842534
20100728,30.36,19.09,0.0,4.433341800822523
20100729,28.44,21.03,6.39,3.9386508928944277
20100730,23.49,16.13,1.78,2.7915544777124333
20100731,24.68,15.34,5.01,3.8316525634434337
20100801,25.08,17.07,1.57,4.5335565989750215
20100802,26.94,16.48,0.0,3.5109485702091634
20100803,25.18,16.51,0.0,3.573618463138465
20100804,25.76,16.87,1.87,3.986462794632607
20100805,25.39,16.87,0.0,3.708374272537172
20100806,27.95,17.06,0.0,3.949763670904347
20100807,28.53,20.55,0.0,3.217573965816961
20100808,28.83,20.45,0.0,1.8619891436179865
20100809,27.43,19.62,2.5,3.9627795149592058
20100810,24.03,17.14,0.0,3.234663643693061
20100811,22.48,14.67,0.0,3.5360291268224673
20100812,26.08,14.8,0.0,3.8380252724501918
20100813,26.37,14.17,0.0,4.291066086466035
20100814,28.5,15.19,0.0,3.7800648156126186
20100815,25.68,19.08,5.28,3.3013708137473947
20100816,22.87,10.78,0.0,3.880217930285911
20100817,20.44,8.96,0.0,2.9043820464628123
20100818,18.47,12.95,2.46,1.0438566283735562
20100819,17.27,9.44,0.0,2.6574765348024503
20100820,15.99,7.71,0.0,2.079818703355894
20100821,19.88,8.19,1.2,2.5079680725664355
20100822,20.56,14.51,6.09,2.4127922073377803
20100823,18.76,12.68,9.03,2.283481919704957
20100824,17.25,10.98,5.52,1.263519184785786
20100825,17.91,11.08,4.18,2.0031730435278603
20100826,16.65,10.66,7.84,1.5439437020527509
20100827,16.17,7.5,1.03,1.5142382194990671
20100828,14.28,6.97,1.79,1.7685647513794698
20100829,11.67,5.8,0.0,1.2848139325053347
20100830,12.65,5.53,0.0,1.4850094963126037
20100831,14.91,5.04,0.0,1.8597545877562711
20100901,14.97,3.77,0.0,2.0631219904285056
20100902,8.83,6.23,29.11,0.729389889149349
20100903,11.56,6.88,11.37,0.5904511723852129
20100904,10.91,3.53,2.06,1.0545367971954336
20100905,12.32,3.42,0.0,1.2118675888822215
20100906,14.1,7.4,0.0,1.5557403632034095
20100907,14.69,7.51,0.0,1.1301180108886908
20100908,17.02,9.33,0.0,1.1497761137531624
20100909,18.63,8.16,0.0,2.091024191785628
20100910,17.78,8.69,0.0,1.4264733751673042
20100911,13.35,8.12,2.35,0.7243350251747714
20100912,17.2,9.62,1.9,0.5349908531702875
20100913,14.52,9.8,2.05,0.9099822597764252
20100914,17.6,10.89,3.42,1.003903231115973
20100915,17.37,12.23,3.69,1.2348938679492973
20100916,14.73,7.25,0.0,1.2664921413024135
20100917,13.53,7.11,7.6,0.6997608957542469
20100918,13.76,9.05,2.65,0.9630511163133477
20100919,10.82,8.26,5.75,0.6824162887047263
20100920,12.73,7.15,1.79,0.8239374793410356
20100921,13.21,6.94,1.22,0.8865572518975782
20100922,14.76,8.1,2.19,1.147543564775887
20100923,13.8,7.41,0.0,0.9833380715543147
20100924,14.88,7.29,0.0,1.4474001689916876
20100925,17.92,7.65,0.0,1.5051404924652627
20100926,14.98,6.95,0.0,0.4288524074866755
20100927,8.44,5.65,0.0,0.7411605643863686
20100928,7.33,3.73,2.01,0.30678910710475826
20100929,9.26,1.59,0.0,0.7961201925937357
20100930,11.19,2.48,0.0,0.7658428692307039
20101001,12.25,2.23,0.0,0.9666562061410042
20101002,10.18,2.75,0.0,0.4575088112372436
20101003,10.23,3.18,0.0,0.43847142813045203
20101004,10.84,2.63,0.0,0.6421223202166225
20101005,10.37,0.76,0.0,1.075725450383586
20101006,10.4,-1.02,0.0,1.0817940631958467
20101007,10.3,0.39,0.0,1.042831590908395
20101008,9.44,-0.77,0.0,0.7689521159861085
20101009,9.98,1.15,0.0,0.49855448158916366
20101010,6.26,0.89,3.27,0.0
20101011,6.76,1.04,3.13,0.2674203111394715
20101012,3.58,-0.95,5.05,0.17936662763857777
20101013,3.79,-1.45,1.19,0.23024897875720762
20101014,2.36,0.49,6.42,0.10806138769957585
20101015,1.17,-1.68,2.98,0.0
20101016,1.63,-2.93,0.0,0.19472631358278222
20101017,2.98,-3.68,0.0,0.2286668035630872
20101018,4.08,-1.9,0.0,0.39569373849530504
20101019,3.65,-3.01,0.0,0.4440500879488042
20101020,3.67,0.62,8.85,0.3073055470707049
20101021,3.3,0.66,1.02,0.2715488007717844
20101022,2.76,-2.36,5.91,0.2633524960643472
20101023,2.73,-3.28,1.88,0.05403546088835615
20101024,4.51,0.51,5.91,0.14506945706090502
20101025,6.13,4.69,1.87,0.0
20101026,4.29,-0.82,0.0,0.029447475904981986
20101027,1.78,-3.24,0.0,0.10379829300174567
20101028,1.92,-2.72,2.76,0.0
20101029,4.93,0.37,1.4,0.21115637520519304
20101030,5.31,2.59,0.0,0.209904459530165
20101031,5.74,4.1,0.0,0.04268495355468344
20101101,4.16,3.37,1.01,0.06935019520848414
20101102,5.95,2.86,3.99,0.0
20101103,6.46,3.87,7.17,0.23861609134719716
20101104,6.46,4.9,2.71,0.0
20101105,4.91,2.45,1.38,0.0
20101106,2.21,0.32,3.03,0.19944914870167063
20101107,0.65,-1.65,0.0,0.0
20101108,0.34,-1.86,0.0,0.0
20101109,0.64,-1.29,7.23,0.17512589588874916
20101110,4.12,0.7,10.6,0.14698516734368716
20101111,3.27,0.77,10.15,0.20435867825487358
20101112,3.27,-0.15,2.15,0.0
20101113,5.18,1.29,3.84,0.0
20101114,3.91,2.09,1.3,0.0
20101115,8.58,3.06,5.43,0.25176923732068146
20101116,5.97,-1.43,0.0,0.0
20101117,-0.21,-4.38,0.0,0.0
20101118,1.02,-2.02,12.47,0.2063773357448664
20101119,1.91,-1.58,6.18,0.09484844763123737
20101120,-1.25,-2.9,1.28,0.0
20101121,-0.63,-4.37,0.0,0.0
20101122,-2.82,-6.56,0.0,0.0
20101123,-3.35,-5.2,8.0,0.07985010185198256
20101124,-4.38,-6.9,7.38,0.0
20101125,-7.14,-11.13,5.46,0.06375466416703286
20101126,-10.77,-13.02,1.29,0.0
20101127,-12.1,-15.09,1.09,0.0
20101128,-15.13,-23.08,0.0,0.0
20101129,-14.16,-23.57,0.0,0.0
20101130,-16.55,-21.74,0.0,0.0
20101201,-17.91,-25.75,0.0,0.0
20101202,-15.45,-22.25,0.0,0.0
20101203,-13.46,-20.4,0.0,0.0
20101204,-8.4,-14.57,5.09,0.0
20101205,-4.76,-8.67,1.36,0.0
20101206,-9.1,-11.1,1.49,0.0
20101207,-3.2,-9.97,1.24,0.0
20101208,-4.6,-6.35,1.29,0.0
20101209,-6.35,-7.86,10.8,0.07247202099109235
20101210,-7.44,-9.47,6.85,0.0
20101211,-7.77,-9.56,4.6,0.0
20101212,-7.62,-19.91,4.99,0.0
20101213,-11.81,-20.42,0.0,0.0
20101214,-8.67,-13.21,0.0,0.0
20101215,-10.36,-19.02,0.0,0.0
20101216,-14.16,-23.42,0.0,0.0
20101217,-12.73,-15.95,0.0,0.0
20101218,-16.5,-18.34,0.0,0.0
20101219,-13.28,-16.63,3.1,0.0
20101220,-11.38,-17.52,2.17,0.0
20101221,-10.6,-16.16,0.0,0.0
20101222,-12.31,-16.38,1.26,0.0
20101223,-13.7,-18.25,0.0,0.0
20101224,-14.26,-18.64,4.11,0.0
20101225,-12.23,-14.25,15.13,0.029426813838571517
20101226,-10.36,-13.19,2.91,0.026929508776009366
20101227,-10.7,-14.17,2.89,0.0
20101228,-13.36,-15.66,0.0,0.0
20101229,-13.12,-14.81,0.0,0.0
20101230,-11.81,-17.29,0.0,0.0
20101231,-13.87,-18.04,0.0,0.0
20110101,-10.43,-17.53,0.0,0.0
20110102,-10.78,-12.85,0.0,0.0
20110103,-12.26,-15.66,0.0,0.0
20110104,-9.15,-14.12,1.99,0.0
20110105,-8.43,-15.14,1.82,0.0
20110106,-7.52,-14.95,1.12,0.0
20110107,-5.38,-9.92,6.86,0.05768887182300254
20110108,-2.47,-6.74,0.0,0.0
20110109,-0.08,-6.74,3.72,0.059246896688240874
20110110,0.09,-1.55,2.22,0.0
20110111,-0.92,-5.51,0.0,0.0
20110112,-2.95,-10.31,5.29,0.0
20110113,-0.77,-4.88,9.33,0.10119460403933853
20110114,-5.07,-8.99,1.95,0.0
20110115,-9.09,-17.1,0.0,0.0
20110116,-14.52,-17.52,0.0,0.0
20110117,-6.75,-14.66,14.5,0.037603062957005905
20110118,-1.54,-6.02,2.89,0.0
20110119,-3.03,-7.08,3.27,0.06436472717431113
20110120,-3.53,-7.3,1.4,0.0
20110121,-3.36,-11.1,1.23,0.0
20110122,-8.63,-12.81,0.0,0.0
20110123,-11.49,-22.37,0.0,0.0
20110124,-9.45,-20.52,6.13,0.0
20110125,-5.56,-8.81,7.72,0.0
20110126,-7.26,-17.95,2.51,0.0
20110127,-13.59,-23.28,0.0,0.0
20110128,-2.56,-13.14,1.01,0.11030360085105981
20110129,-1.62,-3.78,3.52,0.09751704374972342
20110130,-1.48,-14.56,3.02,0.0
20110131,-2.71,-19.69,1.34,0.0
20110201,-1.3,-3.75,0.0,0.13194631013685795
20110202,-0.52,-4.14,6.4,0.11881781091575833
20110203,-1.15,-4.64,2.11,0.1319171345790018
20110204,0.05,-2.58,2.12,0.1289535871963272
20110205,-0.64,-4.77,2.97,0.0
20110206,-4.09,-9.99,0.0,0.0
20110207,-3.58,-9.85,0.0,0.0
20110208,-1.24,-5.38,8.39,0.13351872281325172
20110209,-4.93,-11.06,2.55,0.0
20110210,-10.55,-17.99,0.0,0.11082687194322977
20110211,-13.53,-20.52,0.0,0.05523954850943943
20110212,-16.99,-21.12,0.0,0.10298708516446758
20110213,-17.78,-21.3,0.0,0.11569934375730685
20110214,-19.98,-28.21,0.0,0.10783497535652946
20110215,-14.18,-26.34,0.0,0.14064468789045245
20110216,-18.65,-30.38,0.0,0.12350616586041814
20110217,-21.6,-32.66,0.0,0.0947535994955264
20110218,-18.13,-32.11,0.0,0.1099398965440246
20110219,-16.67,-27.64,0.0,0.15286647197734138
20110220,-14.35,-22.02,0.0,0.18589310877469722
20110221,-11.81,-20.53,0.0,0.1204160923528086
20110222,-15.48,-23.56,0.0,0.18914590841248055
20110223,-13.85,-22.13,1.06,0.20290904629894535
20110224,-11.67,-17.08,0.0,0.18634057112944594
20110225,-11.12,-18.89,0.0,0.2866027230650738
20110226,-9.67,-15.95,4.2,0.15712215828112758
20110227,-5.42,-12.38,0.0,0.19017582414956902
20110228,-7.25,-17.71,0.0,0.3726623207166831
20110301,-7.01,-18.09,0.0,0.3945370544844133
20110302,-3.24,-11.63,0.0,0.06907557466076344
20110303,-2.35,-8.33,0.0,0.07335110565716128
20110304,-0.27,-4.98,5.09,0.2962930434448849
20110305,-0.92,-3.96,3.75,0.2454745954157628
20110306,-3.94,-10.08,0.0,0.41254227461160203
20110307,-4.83,-12.06,0.0,0.37331932254243927
20110308,-0.38,-6.76,0.0,0.43001073930587075
20110309,-0.12,-8.15,0.0,0.746087087594995
20110310,-2.02,-5.17,0.0,0.2611470685313386
20110311,-0.61,-4.94,2.88,0.13984928423304646
20110312,-0.35,-10.01,0.0,0.45837625195996945
20110313,0.03,-4.43,0.0,0.3625873136301967
20110314,0.1,-1.89,0.0,0.5963435654609351
20110315,-1.92,-7.32,0.0,0.40218909699720823
20110316,-3.45,-12.1,0.0,0.840994469071143
20110317,-0.78,-13.58,0.0,0.8755870366686657
20110318,-0.02,-14.28,0.0,0.9596177541740355
20110319,0.03,-7.85,0.0,0.8618753763424821
20110320,-0.13,-6.77,2.17,0.4070765381379264
20110321,0.05,-6.74,0.0,0.9841946114386347
20110322,0.09,-1.06,2.56,0.5333872329865674
20110323,0.08,-2.68,4.31,0.4613663892028551
20110324,-0.63,-5.88,4.09,0.9167735332627139
20110325,-5.02,-10.23,1.66,0.9152222498880709
20110326,-6.07,-12.39,0.0,0.7459202709449763
20110327,-1.13,-8.55,0.0,0.8196681223663576
20110328,-0.69,-4.24,3.26,0.6900861478924805
20110329,-1.52,-6.54,5.12,1.2084753260275773
20110330,-2.6,-10.1,5.76,0.6339494692641165
20110331,-0.27,-11.16,0.0,1.266512439907003
20110401,0.08,-10.94,0.0,0.9110111784201957
20110402,0.15,-1.0,0.0,0.3558432997579099
20110403,0.14,0.05,0.0,0.8037320753643244
20110404,0.17,0.08,0.0,1.268508732115698
20110405,0.29,-0.56,0.0,1.658659184184175
20110406,0.23,-1.64,4.46,0.45429777740691046
20110407,0.26,-0.0,4.41,0.5840712853808343
20110408,0.25,-0.27,4.2,0.6410505529397305
20110409,0.37,-1.41,0.0,0.7016785471615692
20110410,0.99,-0.85,0.0,0.5428253150025177
20110411,1.57,-3.25,0.0,1.8273779436909503
20110412,1.98,-5.91,0.0,1.8359299985741586
20110413,2.16,-6.13,0.0,1.0121736422653622
20110414,2.01,-3.98,0.0,0.9451262600662496
20110415,4.4,-5.77,0.0,1.238241609008628
20110416,3.95,0.27,2.13,0.9112960924850295
20110417,10.64,1.17,0.0,1.7396142947500526
20110418,7.8,0.48,0.0,2.1373977387254897
20110419,6.3,-1.32,0.0,2.0319731579096967
20110420,9.05,-2.88,0.0,2.4065919921015277
20110421,9.83,0.67,0.0,1.2577015993891227
20110422,12.48,-0.17,0.0,1.573203095334618
20110423,14.45,1.41,0.0,2.8820775713330526
20110424,15.98,-0.7,0.0,2.8851881139044777
20110425,16.57,1.62,0.0,2.733282989017614
20110426,19.23,2.26,0.0,3.433682540493007
20110427,17.91,3.83,0.0,3.2641657969112847
20110428,13.31,3.45,0.0,2.98283073858089
20110429,13.18,-0.44,0.0,2.5682605091438577
20110430,11.13,0.55,0.0,2.435839402336164
20110501,5.64,0.13,2.57,1.055399504784264
20110502,6.4,-1.99,0.0,0.5750103832173602
20110503,7.58,-2.73,0.0,1.3754079162032615
20110504,6.47,-0.19,5.43,0.9421192560913098
20110505,7.46,1.37,2.81,0.6867446353699916
20110506,7.25,2.08,8.48,0.6710913854652011
20110507,11.36,3.61,2.44,1.4414869793010174
20110508,16.58,1.37,0.0,3.8114510278248193
20110509,18.09,2.56,0.0,3.9974621083583224
20110510,19.23,4.62,0.0,3.960354172711436
20110511,19.62,6.34,0.0,4.189545419371276
20110512,19.81,6.02,0.0,3.2103222860178975
20110513,14.87,5.18,0.0,3.685409095351631
20110514,13.91,3.39,0.0,4.089274259384901
20110515,15.59,3.23,0.0,4.1053003984413285
20110516,11.83,7.11,9.72,2.5033458587777235
20110517,13.09,6.23,3.29,1.7729034664700667
20110518,12.11,6.56,8.93,2.0697278357017357
20110519,15.26,4.56,0.0,3.3547844314472113
20110520,17.34,7.05,0.0,3.53252156646929
20110521,18.3,4.69,0.0,4.187358834633849
20110522,18.55,6.01,0.0,4.5112121314008045
20110523,20.5,6.15,6.74,4.475997269313438
20110524,17.87,7.44,0.0,4.1729237328185445
20110525,13.23,6.98,6.83,1.3171943901703727
20110526,14.4,5.26,0.0,3.0866292214510342
20110527,15.16,3.82,1.27,4.032395593838602
20110528,17.88,8.92,16.15,1.5297654398819485
20110529,16.7,7.09,4.12,2.6402842806464206
20110530,15.28,7.58,1.3,2.1993443156305217
20110531,21.67,5.65,0.0,4.855733727888797
20110601,25.65,12.0,0.0,5.10204535061913
20110602,23.1,11.98,0.0,4.00266227382417
20110603,17.93,9.66,0.0,4.403823404760755
20110604,19.48,7.98,0.0,4.771982961820904
20110605,21.45,10.0,0.0,4.773799495079386
20110606,21.38,8.23,0.0,5.0882004865327675
20110607,23.24,10.26,0.0,5.18755902381253
20110608,22.36,8.44,0.0,5.379050035420913
20110609,24.12,11.12,0.0,4.896036344194073
20110610,24.68,15.98,2.87,4.047639605346299
20110611,24.51,12.44,0.0,5.375719970252131
20110612,25.23,10.03,0.0,4.619478431651226
20110613,16.45,11.51,7.92,1.3721882513343207
20110614,16.96,10.35,2.07,1.7955267799837453
20110615,15.86,10.1,13.02,1.549054920336931
20110616,14.93,9.52,2.99,2.1553274960343853
20110617,20.44,7.97,1.82,4.154894182883249
20110618,17.5,10.1,7.4,2.3889400798508427
20110619,19.2,8.99,6.61,2.808232367340714
20110620,16.71,11.39,4.65,1.424058025850664
20110621,17.75,11.08,3.3,2.7439619616769613
20110622,18.97,10.0,1.88,3.465908194173941
20110623,19.79,8.86,0.0,3.927773616636821
20110624,18.44,10.3,0.0,3.524271567145204
20110625,19.23,11.35,2.0,2.9504626065619077
20110626,15.08,10.91,8.96,1.3400199659518979
20110627,18.96,12.34,0.0,2.317620242784694
20110628,21.07,13.15,0.0,2.547462371662147
20110629,22.49,11.49,0.0,4.003335623879829
20110630,28.12,13.98,0.0,5.22055781529479
20110701,29.08,18.16,0.0,5.763541423979555
20110702,27.0,17.94,0.0,5.672880764963177
20110703,26.55,17.54,0.0,5.319765086683012
20110704,22.92,15.25,3.47,3.0932555776036055
20110705,21.13,15.12,5.33,2.312353656702311
20110706,22.51,14.17,1.64,2.7808936105855855
20110707,23.19,15.34,5.27,3.042009898700289
20110708,27.93,16.34,1.15,4.031833684621953
20110709,25.72,16.76,0.0,4.791769598973867
20110710,28.93,17.24,0.0,4.8870166105769774
20110711,28.16,16.33,0.0,4.719164237963928
20110712,24.61,14.18,7.62,3.614494070321386
20110713,21.63,12.41,0.0,3.859377520288317
20110714,22.14,13.24,0.0,4.684597243457257
20110715,21.37,13.8,15.53,1.2059101347494465
20110716,21.62,14.61,0.0,2.1145696631013196
20110717,20.9,13.19,2.75,2.4688120569880185
20110718,23.58,12.11,0.0,4.434924817170077
20110719,26.96,14.62,5.64,5.235342405976529
20110720,26.53,18.35,1.44,3.8960432978629
20110721,28.08,18.2,0.0,4.989764041498583
20110722,24.56,18.98,3.17,4.431759558253988
20110723,25.7,20.16,5.51,3.537266749793799
20110724,22.82,14.59,2.05,3.1819039797397513
20110725,22.65,13.3,0.0,3.527143553785031
20110726,26.55,16.71,2.28,4.349168485403149
20110727,31.32,18.08,0.0,4.649961199313196
20110728,28.55,18.23,1.8,4.365959004609084
20110729,24.71,18.44,13.12,2.6632671329190094
20110730,21.48,16.33,16.34,1.459117131394338
20110731,21.65,13.57,0.0,3.2477227538189544
20110801,17.33,10.86,0.0,2.9625103190560935
20110802,17.33,9.75,0.0,2.97225022755364
20110803,20.0,9.14,0.0,4.07619737205406
20110804,22.2,10.49,0.0,4.211067475751827
20110805,22.15,10.54,0.0,3.612369939631594
20110806,22.7,10.76,0.0,3.707782659144356
20110807,21.89,15.14,0.0,3.1648158813625424
20110808,21.22,13.39,6.22,1.4618206942696546
20110809,19.55,12.89,5.77,1.5095756846837352
20110810,19.52,11.87,2.83,2.8453031806915337
20110811,17.48,10.8,2.73,2.1952220007500904
20110812,17.72,8.58,7.31,1.657248104059206
20110813,20.32,12.1,11.29,0.9887676842790416
20110814,23.15,12.84,1.38,2.3563934700668283
20110815,23.87,15.18,4.01,2.673630383117876
20110816,22.2,16.62,4.62,1.3249626129319312
20110817,21.98,15.79,8.46,1.222960798556189
20110818,17.76,11.49,14.07,1.1962979074742166
20110819,20.64,10.83,0.0,2.882146814225787
20110820,20.81,10.44,2.67,2.5369355057406
20110821,20.48,11.55,0.0,1.3950614231352696
20110822,20.64,12.05,0.0,2.405610940568099
20110823,17.37,11.37,3.2,1.7361472619446237
20110824,18.1,12.22,8.13,1.2490631126715626
20110825,21.68,11.3,0.0,2.545914596285686
20110826,23.45,12.13,0.0,2.8524441589721334
20110827,22.59,13.88,0.0,3.382149756192544
20110828,24.44,12.69,0.0,3.20443634498879
20110829,19.3,12.42,0.0,2.2697639697676655
20110830,17.19,11.73,8.53,1.5769580800046037
20110831,14.12,10.83,4.22,1.1254391030381745
20110901,15.48,9.44,3.44,1.420820128080196
20110902,17.39,8.18,2.39,1.418445234981272
20110903,16.07,9.11,2.02,1.5504383267351436
20110904,16.03,7.15,0.0,1.4659085568237473
20110905,17.9,5.4,0.0,2.4176488764982365
20110906,16.83,6.04,0.0,2.616623395142979
20110907,16.55,10.52,1.65,0.9289557031780062
20110908,15.44,10.19,7.1,1.2820280636973207
20110909,16.69,8.69,1.85,1.1197449553633712
20110910,16.69,8.34,1.4,1.286025019541712
20110911,17.58,9.65,0.0,1.3235488872164585
20110912,17.8,7.84,3.59,1.0261965760136973
20110913,16.3,11.19,8.69,0.5268822348322179
20110914,15.48,10.94,4.29,0.8955790142471926
20110915,15.88,9.08,1.24,1.0015523462149507
20110916,13.84,8.25,8.16,0.6560832079374553
20110917,14.73,7.93,2.35,1.2266460418558462
20110918,15.74,7.19,0.0,1.7808433198563207
20110919,14.69,6.03,6.25,1.2394437588503033
20110920,15.3,10.17,10.15,0.31431218618488244
20110921,14.62,8.98,8.95,0.6984507166672492
20110922,15.01,11.39,3.64,0.6240761050216218
20110923,11.63,7.87,4.64,0.8011859065583784
20110924,10.99,7.37,5.52,0.7260179189639616
20110925,10.87,4.94,0.0,0.7240324333471848
20110926,12.32,5.3,0.0,0.5444945386642325
20110927,14.27,7.73,3.69,0.5458349576250929
20110928,13.55,7.19,2.14,1.136358308337777
20110929,12.77,6.28,1.59,0.8360973207772057
20110930,17.52,9.26,1.44,0.6778181837152494
20111001,11.98,6.13,0.0,0.5262303225548125
20111002,11.52,5.4,0.0,0.8521642216259265
20111003,10.62,5.44,8.49,0.46085557108753344
20111004,13.57,7.14,2.27,0.10082808535519402
20111005,12.48,6.45,3.0,0.6359089995515061
20111006,12.69,6.06,3.38,0.28590817160846504
20111007,12.8,7.47,1.75,0.690780740309024
20111008,9.14,5.87,3.62,0.265927441730043
20111009,10.01,1.0,4.48,0.462883340573533
20111010,8.26,0.91,0.0,0.2445301653275752
20111011,7.48,4.01,8.5,0.3759293447655653
20111012,5.43,3.53,7.36,0.28725538207310136
20111013,5.89,3.12,4.16,0.10193355483472165
20111014,5.87,-1.42,0.0,0.3379072428972594
20111015,4.5,-1.69,0.0,0.5959277004116698
20111016,6.94,0.36,0.0,0.31609595197225016
20111017,7.47,4.5,0.0,0.19574717952140733
20111018,7.56,1.31,0.0,0.7172891509739155
20111019,3.79,0.01,3.29,0.0
20111020,5.8,3.77,0.0,0.0
20111021,4.65,3.23,0.0,0.09865106743784968
20111022,8.12,0.48,3.28,0.025989302767046227
20111023,7.33,3.23,0.0,0.00438602517418793
20111024,7.05,3.24,0.0,0.0
20111025,5.87,4.23,0.0,0.07220643255171177
20111026,6.65,3.58,0.0,0.0
20111027,5.83,0.73,0.0,0.2739231586736379
20111028,5.31,0.94,0.0,0.0505527134421645
20111029,8.26,2.24,0.0,0.0
20111030,6.55,3.53,1.08,0.0
20111031,9.61,6.58,5.14,0.0
20111101,7.91,5.36,0.0,0.0
20111102,7.97,6.1,0.0,0.0
20111103,8.68,6.28,1.16,0.0
20111104,7.76,5.44,0.0,0.0
20111105,5.38,-0.2,0.0,0.0
20111106,1.73,-1.33,0.0,0.0018223605612182362
20111107,2.33,-0.12,0.0,0.2059195537641718
20111108,7.26,2.33,0.0,0.0
20111109,3.47,-1.5,0.0,0.0801035456742552
20111110,2.61,-2.39,0.0,0.07183117909255002
20111111,4.23,-1.97,0.0,0.0
20111112,3.32,-1.25,0.0,0.0
20111113,0.51,-1.2,0.0,0.0
20111114,4.18,-0.95,1.73,0.0
20111115,-1.06,-3.66,0.0,0.050773570531149746
20111116,3.42,-3.31,1.14,0.0
20111117,4.73,1.82,0.0,0.1305091909686063
20111118,3.2,0.55,0.0,0.0
20111119,2.83,-2.76,10.04,0.09708183563931173
20111120,-2.52,-6.59,0.0,0.021342389637323846
20111121,-1.59,-6.02,0.0,0.0
20111122,-0.42,-5.65,0.0,0.0
20111123,0.41,-5.52,0.0,0.0
20111124,2.11,-0.24,4.27,0.20449711246407695
20111125,2.99,0.68,1.72,0.0
20111126,2.96,0.44,1.28,0.0
20111127,6.65,0.12,13.92,0.12676597555610708
20111128,6.56,-0.19,3.31,0.16458058704175235
20111129,0.63,-3.42,0.0,0.0
20111130,0.58,-1.52,1.0,0.0
20111201,2.4,-0.24,0.0,0.0
20111202,0.56,-0.13,10.59,0.1065236955983889
20111203,0.55,-0.99,0.0,0.0
20111204,0.96,-1.1,5.56,0.1110028882795025
20111205,1.0,-0.18,1.38,0.0
20111206,0.51,-0.36,4.2,0.0
20111207,-0.45,-2.7,0.0,0.0
20111208,-1.55,-4.25,0.0,0.0
20111209,-1.37,-3.57,1.45,0.0
20111210,0.12,-1.74,4.23,0.0
20111211,0.03,-1.09,3.1,0.0
20111212,-0.19,-4.13,0.0,0.0
20111213,-0.47,-2.14,2.19,0.07370182160363786
20111214,0.19,-1.25,2.65,0.07011602319769102
20111215,0.48,-0.0,4.56,0.08744294315399936
20111216,0.19,-2.14,2.98,0.0
20111217,0.33,-3.78,3.66,0.06068553900943929
20111218,0.45,-0.73,2.68,0.0
20111219,0.29,-0.15,5.11,0.065715614286744
20111220,0.34,-3.2,3.07,0.0
20111221,-3.48,-4.41,1.24,0.05573910209668443
20111222,-3.44,-6.13,0.0,0.0
20111223,-4.51,-6.95,0.0,0.0
20111224,-2.12,-6.65,6.71,0.05065494446915704
20111225,0.15,-3.89,2.24,0.0
20111226,3.31,-0.2,5.59,0.11221624179488605
20111227,5.55,-1.36,4.25,0.1337265690385889
20111228,0.58,-2.62,0.0,0.0
20111229,1.4,-1.84,2.75,0.08978116689049401
20111230,1.52,0.23,3.13,0.0
20111231,0.04,-3.38,0.0,0.0
20120101,-2.32,-4.7,0.0,0.0
20120102,-4.7,-6.6,0.0,0.0
20120103,-1.61,-4.89,5.25,0.09987239501691299
20120104,0.33,-2.15,4.79,0.08209511619039896
20120105,0.34,-0.63,2.41,0.06419492949420727
20120106,-0.52,-2.31,2.9,0.09885521101205148
20120107,-1.95,-9.46,1.77,0.0
20120108,-3.52,-10.41,0.0,0.0
20120109,-4.45,-6.69,0.0,0.0
20120110,-3.71,-8.78,0.0,0.0
20120111,-0.51,-8.49,6.84,0.11616270513949427
20120112,-0.35,-3.63,8.83,0.08827177310206068
20120113,-0.11,-8.94,3.73,0.0
20120114,-4.81,-8.93,0.0,0.0
20120115,-6.79,-10.2,0.0,0.0
20120116,-7.52,-13.73,0.0,0.0
20120117,-7.2,-13.42,0.0,0.0
20120118,-8.11,-12.4,0.0,0.0
20120119,-7.82,-11.98,2.93,0.0
20120120,-7.49,-9.59,0.0,0.0
20120121,-8.04,-12.74,1.44,0.0
20120122,-6.31,-12.16,2.07,0.0
20120123,-7.7,-13.88,2.01,0.0
20120124,-9.73,-17.81,0.0,0.0
20120125,-16.49,-22.13,0.0,0.003456666580398877
20120126,-18.6,-25.03,0.0,0.006546270713170433
20120127,-17.51,-25.14,0.0,0.020725141595050792
20120128,-19.3,-27.0,0.0,0.027442553223041215
20120129,-19.89,-27.76,0.0,0.02993887258789086
20120130,-17.38,-24.35,0.0,0.014375396166760158
20120131,-20.38,-29.49,0.0,0.03476550066363644
20120201,-22.28,-29.42,0.0,0.018832357940370987
20120202,-17.45,-31.91,1.35,0.0
20120203,-17.68,-22.2,0.0,0.057161092997383374
20120204,-21.67,-26.48,0.0,0.051951804150697306
20120205,-17.17,-25.56,0.0,0.06439502992694193
20120206,-18.71,-28.02,0.0,0.04223553367668396
20120207,-12.92,-19.27,0.0,0.060268404353529696
20120208,-14.94,-18.94,0.0,0.06315808210440882
20120209,-16.22,-24.17,0.0,0.09946862759133837
20120210,-15.79,-24.15,0.0,0.10212582275360384
20120211,-14.07,-22.88,0.0,0.12122578309328967
20120212,-15.93,-25.45,0.0,0.11208668597151733
20120213,-17.67,-22.48,0.0,0.11997221191305331
20120214,-12.15,-21.42,0.0,0.047867184287255914
20120215,-11.44,-17.7,0.0,0.1211152890088133
20120216,-12.47,-21.63,0.0,0.15630327913695968
20120217,-9.64,-18.95,0.0,0.19926378584204665
20120218,-9.59,-15.87,0.0,0.19706163769533605
20120219,-7.22,-13.93,1.2,0.16809360916197083
20120220,-2.05,-7.84,2.29,0.023345068317334232
20120221,-1.92,-8.84,4.17,0.11504532966488036
20120222,-1.71,-3.17,5.21,0.4204617521767354
20120223,0.01,-2.42,12.99,0.014853360814034697
20120224,-1.9,-8.91,0.0,0.0
20120225,-3.66,-9.49,0.0,0.19748228424007383
20120226,-4.66,-9.0,0.0,0.07922020289845123
20120227,-5.35,-11.55,0.0,0.1247390006256946
20120228,-7.42,-13.53,1.05,0.16967195716774253
20120229,-4.63,-12.82,0.0,0.1494654137698163
20120301,0.01,-10.1,1.06,0.2930368220037307
20120302,0.01,-1.71,12.72,0.08888654719557902
20120303,-0.02,-6.53,0.0,0.18498357254500358
20120304,-3.5,-7.3,0.0,0.2991796113980167
20120305,-5.14,-7.88,0.0,0.3487035230217672
20120306,-7.67,-16.56,0.0,0.5250660087647887
20120307,-4.74,-17.25,0.0,0.5520391036241483
20120308,-3.31,-13.37,0.0,0.5387774870458436
20120309,-3.6,-16.71,0.0,0.519908324307623
20120310,-0.87,-9.97,5.59,0.2221553475974594
20120311,0.01,-3.27,1.8,0.2508188818932778
20120312,0.13,-3.48,1.17,0.5032218926773652
20120313,0.04,-2.57,4.32,0.5292312449196928
20120314,-1.73,-3.06,1.7,0.49613764248687137
20120315,-2.62,-8.1,0.0,0.8269425327807947
20120316,-0.01,-9.17,0.0,0.4176050754916988
20120317,0.06,-1.51,0.0,0.48011645886616416
20120318,0.06,-4.03,0.0,1.0511740685987137
20120319,0.08,-4.87,6.2,0.3885517896005776
20120320,-0.36,-2.78,1.4,0.2388763400200805
20120321,0.05,-7.43,0.0,1.1300190235579697
20120322,0.09,-5.92,5.18,0.6916418931717658
20120323,0.13,-9.86,0.0,0.39394205135912286
20120324,-3.04,-11.92,3.36,0.5779842760777677
20120325,-1.3,-10.67,0.0,1.147639137365864
20120326,0.12,-10.7,2.03,1.02190593252055
20120327,0.13,-3.76,3.55,0.7073726807920958
20120328,0.21,-3.07,2.32,0.5286704863330741
20120329,0.37,-2.07,1.15,0.9873944122424501
20120330,0.06,-5.47,0.0,0.8541875485251305
20120331,-1.66,-8.95,0.0,0.954900644004234
20120401,-1.97,-11.03,0.0,1.1586473344489785
20120402,0.3,-8.17,1.19,1.1321773325036963
20120403,0.44,-3.73,2.1,0.8413293782868455
20120404,0.26,-6.23,0.0,0.8915182151133499
20120405,1.12,-6.97,0.0,1.6232105200605391
20120406,1.02,-3.24,2.55,0.9663092824183102
20120407,2.36,-2.09,1.75,0.8758079691420265
20120408,-0.1,-4.14,4.31,0.655925808839695
20120409,1.55,-5.03,0.0,1.5755911171205965
20120410,3.0,-6.95,0.0,1.4940896578619656
20120411,6.18,-3.26,0.0,2.0560433761901047
20120412,8.08,-1.09,0.0,1.536554719557231
20120413,13.87,0.51,0.0,2.275072786558562
20120414,7.3,2.08,1.45,0.5714393100435694
20120415,8.23,-2.39,0.0,2.002342997100657
20120416,2.69,-2.38,8.7,0.5994731474871199
20120417,6.28,0.94,8.08,0.438457745867271
20120418,5.44,-2.42,0.0,1.3435264829506206
20120419,9.73,-2.48,0.0,1.7528810381973587
20120420,11.63,0.44,2.12,1.6114032703267203
20120421,12.51,2.21,3.71,1.0803793641894515
20120422,14.87,1.36,0.0,1.8860684007841204
20120423,13.11,4.21,2.83,1.3441536916428949
20120424,14.08,3.74,6.91,1.5847357555226647
20120425,14.61,3.48,0.0,2.064023338737454
20120426,14.52,4.34,12.05,0.9052863384199372
20120427,15.69,5.12,3.11,1.4680603878986938
20120428,15.83,7.89,0.0,2.7572630969436314
20120429,10.34,2.13,4.46,1.6830576607296537
20120430,14.06,-0.06,0.0,3.420170627145532
20120501,9.19,-0.08,0.0,2.5461366753506622
20120502,11.74,-1.64,0.0,2.7076538946749182
20120503,8.36,-1.44,0.0,2.26961138633749
20120504,11.83,-2.38,0.0,2.6725679394270836
20120505,14.97,4.48,10.6,0.8083775214273797
20120506,15.65,5.13,0.0,3.7367720216824933
20120507,11.47,4.59,1.9,1.4387044799832402
20120508,13.96,2.87,0.0,3.144475298166259
20120509,16.87,1.82,0.0,3.2873481673861122
20120510,18.23,5.93,0.0,3.7932465518949052
20120511,17.43,10.86,13.93,1.1947460194585897
20120512,14.9,5.37,2.87,2.4096995412336177
20120513,11.15,2.01,0.0,2.307583629472431
20120514,14.59,-0.13,0.0,3.988048114274908
20120515,17.08,2.08,0.0,4.079545354642554
20120516,17.98,7.3,0.0,3.7621676267729605
20120517,23.51,14.08,0.0,4.6813067829730075
20120518,15.49,5.31,3.06,1.9193785704418178
20120519,17.37,4.1,0.0,4.4076172843653145
20120520,19.62,7.24,0.0,4.1271128147903235
20120521,21.19,9.21,3.46,3.229119255440417
20120522,24.83,10.15,2.72,3.628018349088963
20120523,12.91,4.29,0.0,4.398078997895091
20120524,14.99,2.48,0.0,4.138062260616212
20120525,17.37,2.76,0.0,4.045217181047574
20120526,16.37,6.14,2.9,2.149179531845929
20120527,19.0,7.61,0.0,3.252441294011607
20120528,20.0,8.33,0.0,3.4884196343032285
20120529,14.62,8.05,1.1,2.658400027954709
20120530,10.8,5.6,16.16,1.0706829512315388
20120531,12.81,4.59,0.0,2.389254321984993
20120601,14.15,2.53,0.0,2.7945657923405394
20120602,11.39,6.94,13.05,1.3354880121835406
20120603,13.24,4.45,0.0,2.374435973412573
20120604,13.7,2.64,0.0,2.8075706745981557
20120605,16.12,3.8,0.0,3.5082137403932716
20120606,17.39,7.26,0.0,2.744811077299287
20120607,16.75,5.42,0.0,3.7182880894758568
20120608,15.78,7.55,0.0,2.1909442287216283
20120609,18.64,6.48,0.0,3.5042113984533096
20120610,18.74,8.77,0.0,3.6753259327650674
20120611,18.99,8.28,9.38,2.66180453607155
20120612,14.98,11.4,2.74,1.1624391991845724
20120613,20.35,10.05,0.0,3.75502581215216
20120614,21.55,8.26,0.0,4.655878823825947
20120615,23.32,11.1,2.39,3.870276127809103
20120616,20.77,13.83,8.24,3.065687637449505
20120617,19.43,11.3,5.73,1.6155778169355148
20120618,19.37,11.37,2.25,3.488643550257137
20120619,19.98,9.72,4.37,1.7573526191921816
20120620,17.38,8.87,0.0,4.56685495391537
20120621,17.83,7.49,0.0,5.083291603249931
20120622,20.82,7.58,0.0,4.763090600893386
20120623,19.98,8.65,22.96,3.13657162956465
20120624,14.22,9.87,4.03,1.332946156862417
20120625,16.11,9.0,8.1,2.2526645137562755
20120626,17.02,10.56,2.92,2.390196162630846
20120627,15.82,10.75,5.29,2.076086344791112
20120628,16.48,7.96,0.0,3.1484481294581257
20120629,15.59,6.87,0.0,2.7536892594542146
20120630,18.63,6.86,0.0,3.5887596496469025
20120701,22.06,11.75,3.05,2.1982719617204505
20120702,22.93,11.0,5.91,2.5372417704002403
20120703,20.36,9.93,0.0,4.080820697057082
20120704,22.91,9.94,0.0,4.820519789805064
20120705,22.4,13.86,0.0,4.0776223232626245
20120706,23.6,15.01,0.0,4.4541636164243155
20120707,23.44,13.61,0.0,4.847119453906773
20120708,25.94,13.18,3.22,4.162944685707611
20120709,22.99,15.83,1.49,4.305096722206706
20120710,22.84,14.68,1.78,4.196595441620105
20120711,22.08,13.82,0.0,4.213600253807417
20120712,23.1,11.76,0.0,4.461520882535486
20120713,17.88,12.55,7.62,1.4886183231781904
20120714,18.62,11.08,1.89,2.6336701770043467
20120715,18.4,11.8,5.97,2.118949661503288
20120716,17.15,12.07,3.77,1.4133540097904878
20120717,18.51,10.69,1.09,3.232323842616526
20120718,16.95,9.84,2.17,2.1475223516382935
20120719,18.68,11.56,5.88,2.1645662699952277
20120720,20.18,9.81,0.0,3.646143483999625
20120721,20.12,10.37,1.17,3.3147802713692407
20120722,17.83,8.25,1.37,2.915450224880768
20120723,16.85,8.07,4.37,2.122791115521798
20120724,19.22,13.14,4.76,1.4331028560276389
20120725,23.41,14.49,0.0,2.326945747479858
20120726,24.45,15.65,1.38,3.999080041068976
20120727,24.04,13.81,0.0,4.187722323621224
20120728,26.3,13.26,0.0,4.306780890417168
20120729,28.26,16.94,2.01,4.685475927171817
20120730,28.8,20.33,2.5,4.915175637759229
20120731,22.23,13.78,2.97,2.714606685965531
20120801,18.83,10.19,10.28,2.2783547296649362
20120802,19.83,9.56,0.0,3.7623074960391705
20120803,23.0,10.6,0.0,4.2748263304542355
20120804,22.22,13.58,7.82,1.8622837387001925
20120805,21.54,11.94,0.0,3.636054847701276
20120806,21.65,12.87,1.66,1.9501854944865595
20120807,23.42,12.86,38.2,1.6224481521273386
20120808,17.25,10.82,7.37,2.0219281497141224
20120809,14.71,7.69,0.0,1.9858522008814998
20120810,14.21,6.88,1.46,1.481717377080588
20120811,15.3,7.19,0.0,1.4726269650177368
20120812,16.76,5.37,0.0,1.7119355967344623
20120813,18.12,5.31,0.0,3.1854538557844987
20120814,20.43,9.92,0.0,3.8345114455820317
20120815,19.81,11.32,1.36,1.7621382257421423
20120816,20.89,12.07,0.0,1.6496768619236704
20120817,21.16,12.66,3.2,2.5290068601257913
20120818,21.81,12.87,0.0,3.390929912836759
20120819,19.52,12.78,7.04,2.1155604598347306
20120820,13.98,6.77,4.0,1.5885103894545507
20120821,16.62,6.69,0.0,2.5743549671424875
20120822,16.4,6.4,6.94,2.2155754060901427
20120823,16.01,11.79,28.62,0.8449743700074357
20120824,18.26,11.72,3.58,2.3376959030199163
20120825,17.69,10.68,3.59,1.7748254041516702
20120826,19.67,9.78,0.0,2.163939532432317
20120827,18.49,11.48,4.28,1.3842002480108238
20120828,18.83,10.42,1.23,1.4800285077686752
20120829,17.99,8.98,0.0,1.349649111952565
20120830,17.01,6.67,0.0,1.9077912513477333
20120831,15.23,4.48,0.0,1.5743306584318302
20120901,12.4,3.59,1.74,1.7207941581432313
20120902,15.76,8.09,13.51,0.48361409163174746
20120903,17.2,10.15,5.58,0.6037355198108304
20120904,17.37,10.51,1.08,1.6967195759296176
20120905,17.81,10.66,1.82,1.7210952103471067
20120906,15.51,7.46,1.02,1.408914285755588
20120907,10.6,7.08,4.9,1.008708381689868
20120908,12.81,6.33,3.24,1.5729610066996702
20120909,13.85,5.83,0.0,1.621784672403694
20120910,14.5,4.62,0.0,1.645897138306395
20120911,18.48,7.35,0.0,1.5688523443714684
20120912,22.9,11.23,1.62,2.3004289864642167
20120913,15.24,9.37,0.0,0.7495172194870873
20120914,13.37,8.64,4.89,0.6164812919934778
20120915,14.13,8.67,2.89,0.6548237152341948
20120916,15.87,9.24,0.0,2.1267779250295873
20120917,15.48,8.87,0.0,0.6261611599355781
20120918,15.87,10.95,0.0,1.0372908692528968
20120919,17.93,10.65,1.16,1.5852978452250133
20120920,13.77,8.26,1.03,0.6487161956249655
20120921,12.88,6.15,0.0,1.4752850275478508
20120922,13.6,6.68,4.44,0.9705004204998317
20120923,11.08,6.98,13.37,0.5561630436329449
20120924,11.58,6.9,0.0,0.26585097811569186
20120925,11.62,5.66,0.0,0.18244708233411341
20120926,12.71,5.17,0.0,0.6181037028795466
20120927,14.55,6.23,2.37,0.657318980058067
20120928,15.19,10.12,3.69,0.7444664223166786
20120929,11.91,8.12,2.8,0.39715943534947007
20120930,10.34,7.13,10.03,0.16416284579536666
20121001,11.8,7.15,1.67,0.7996126472054883
20121002,14.01,8.51,5.08,0.9415417124384576
20121003,15.04,6.98,0.0,0.6199353189709321
20121004,11.44,6.98,4.89,0.11950399773955246
20121005,12.12,7.15,2.01,0.4851177110137139
20121006,7.85,5.48,1.08,0.2839257778536239
20121007,9.19,5.33,0.0,0.6284865419030452
20121008,7.53,5.75,3.64,0.05493884589695601
20121009,7.86,5.62,3.26,0.2809157765390871
20121010,5.9,3.88,6.9,0.015349932301675747
20121011,5.71,3.82,3.23,0.2193724986848593
20121012,6.73,2.08,1.97,0.15234398941435207
20121013,6.76,1.22,0.0,0.23975201945603827
20121014,6.04,0.84,1.5,0.20076295688551432
20121015,7.16,2.26,8.68,0.0
20121016,10.25,6.79,1.6,0.3606586487329707
20121017,9.63,6.58,7.17,0.36191126223563935
20121018,8.54,5.77,0.0,0.1565217740428727
20121019,13.19,5.72,4.1,0.34718140817915866
20121020,11.08,6.76,8.06,0.0
20121021,8.34,3.76,14.5,0.2957395715827722
20121022,5.41,-1.98,0.0,0.5326407799085158
20121023,3.44,-2.26,0.0,0.09963556875970664
20121024,4.21,0.26,4.11,0.22835212060894255
20121025,3.07,-1.04,1.29,0.25398343010238006
20121026,0.66,-4.08,1.19,0.17728355374170202
20121027,0.9,-4.88,0.0,0.3080804199924451
20121028,1.16,-3.31,0.0,0.0
20121029,0.19,-3.95,0.0,0.12655890785442667
20121030,-1.61,-3.46,4.06,0.0
20121031,-0.7,-5.49,1.5,0.0
20121101,0.47,-1.6,0.0,0.1874371013637322
20121102,1.71,-0.79,2.99,0.0
20121103,1.61,0.22,5.23,0.18937300787329542
20121104,1.7,0.44,3.5,0.0
20121105,1.39,0.17,13.64,0.0
20121106,0.7,-0.13,5.88,0.0
20121107,0.66,0.12,3.28,0.0
20121108,0.99,-1.39,1.5,0.034034339571093815
20121109,-0.62,-6.09,0.0,0.11993960794548791
20121110,-0.13,-5.7,0.0,0.035821596454489346
20121111,1.01,-2.51,0.0,0.0
20121112,3.69,0.43,9.44,0.0
20121113,2.02,-3.01,0.0,0.0
20121114,5.94,-2.35,3.55,0.12464346976019895
20121115,6.44,3.58,12.62,0.0
20121116,3.76,2.44,0.0,0.0
20121117,5.33,2.75,1.49,0.0
20121118,3.76,0.59,0.0,0.14292110543021094
20121119,2.65,0.3,1.28,0.13149954511896345
20121120,2.95,-0.37,0.0,0.0
20121121,3.04,0.55,0.0,0.0
20121122,2.05,0.75,0.0,0.08815773402374563
20121123,2.67,0.96,1.06,0.0
20121124,3.18,1.62,1.57,0.2319590895829662
20121125,1.58,-1.69,4.41,0.10294414897738285
20121126,0.23,-2.78,1.21,0.11264718647082105
20121127,-0.03,-4.39,0.0,0.0
20121128,-2.8,-4.4,0.0,0.09625735955935902
20121129,-4.43,-8.51,8.1,0.1309695088801102
20121130,-8.71,-11.16,12.43,0.06908096750941622
20121201,-11.02,-13.93,1.1,0.0
20121202,-4.32,-11.57,1.7,0.0
20121203,-5.0,-7.91,1.99,0.0
20121204,-7.59,-10.45,1.97,0.0
20121205,-7.66,-13.72,0.0,0.0
20121206,-6.48,-10.93,0.0,0.0
20121207,-6.14,-8.8,5.21,0.0
20121208,-7.75,-9.86,8.05,0.04162540249675269
20121209,-8.42,-11.31,1.8,0.0
20121210,-11.71,-16.99,0.0,0.0
20121211,-3.25,-11.66,4.25,0.04525420377332643
20121212,-3.95,-13.45,0.0,0.0
20121213,-6.95,-12.67,1.75,0.04640572036424503
20121214,-6.97,-9.36,0.0,0.0
20121215,-9.7,-15.22,0.0,0.0
20121216,-13.41,-15.56,0.0,0.0
20121217,-13.45,-18.92,0.0,0.0
20121218,-19.15,-24.14,0.0,0.0
20121219,-21.22,-23.61,0.0,0.0
20121220,-16.57,-22.38,0.0,0.0
20121221,-14.93,-22.72,0.0,0.0
20121222,-18.81,-22.56,0.0,0.0
20121223,-20.06,-23.64,0.0,0.0
20121224,-16.27,-21.95,0.0,0.0
20121225,-1.92,-16.13,5.44,0.0
20121226,-0.52,-14.52,1.79,0.0
20121227,0.05,-10.45,3.1,0.052265673691073315
20121228,-0.74,-6.76,6.14,0.06943966316022396
20121229,-7.55,-12.64,0.0,0.0
20121230,-6.49,-11.82,0.0,0.0
20121231,-0.41,-6.7,4.79,0.0
20130101,0.05,-1.26,7.46,0.054478743028862506
20130102,0.05,-0.54,5.31,0.11123321123428435
20130103,-0.15,-5.08,2.82,0.0
20130104,-4.68,-6.28,1.14,0.0
20130105,-5.06,-8.25,1.63,0.0
20130106,-8.1,-10.75,0.0,0.0
20130107,-8.56,-14.2,0.0,0.0
20130108,-10.68,-14.26,0.0,0.0
20130109,-8.41,-11.61,2.78,0.0
20130110,-8.54,-12.68,1.21,0.0
20130111,-10.45,-21.71,0.0,0.0
20130112,-20.1,-25.87,0.0,0.0
20130113,-8.38,-19.09,0.0,0.0
20130114,-4.79,-8.1,0.0,0.0
20130115,-6.0,-12.74,0.0,0.0
20130116,-10.27,-12.86,1.22,0.0
20130117,-12.79,-22.7,0.0,0.0
20130118,-23.49,-30.83,0.0,0.0046689656128905115
20130119,-21.16,-30.69,0.0,0.0
20130120,-13.58,-27.84,0.0,0.0
20130121,-8.45,-15.21,0.0,0.0
20130122,-8.0,-11.14,0.0,0.0
20130123,-8.85,-10.71,0.0,0.0
20130124,-9.43,-19.15,0.0,0.0
20130125,-10.6,-18.99,0.0,0.0
20130126,-7.78,-10.25,0.0,0.0
20130127,-9.75,-16.13,0.0,0.0
20130128,-11.77,-18.99,0.0,0.004676389837564407
20130129,-7.0,-12.15,0.0,0.07613564092154773
20130130,-4.84,-8.08,2.68,0.0
20130131,-1.53,-5.48,5.48,0.0
20130201,-1.4,-6.12,3.0,0.0
20130202,-5.9,-9.9,0.0,0.0
20130203,-6.21,-10.52,0.0,0.0
20130204,-6.32,-10.68,0.0,0.0
20130205,-6.49,-10.25,1.11,0.0869362287371669
20130206,-1.64,-7.36,1.94,0.0
20130207,-1.88,-6.58,1.76,0.0
20130208,-1.24,-5.62,3.03,0.16534348407867547
20130209,-0.02,-6.71,3.49,0.18368957888830634
20130210,-1.47,-2.74,6.22,0.16417121352425548
20130211,-1.73,-6.87,2.24,0.1650975325249683
20130212,-3.43,-12.02,0.0,0.0
20130213,-1.14,-8.34,0.0,0.17723154457330176
20130214,-3.5,-8.27,0.0,0.038605224532676875
20130215,-5.1,-10.52,0.0,0.09246432555468062
20130216,-6.15,-11.12,0.0,0.09017656298723457
20130217,-5.61,-12.02,0.0,0.14512585508271553
20130218,-6.04,-12.4,0.0,0.02164383544576589
20130219,-7.56,-11.77,0.0,0.09433746023026507
20130220,-5.07,-12.89,0.0,0.11645047220317416
20130221,-9.98,-17.7,0.0,0.22349595924630355
20130222,-7.71,-13.54,0.0,0.05833474151112685
20130223,-5.82,-13.02,0.0,0.029206757953288753
20130224,-6.09,-13.31,0.0,0.2968491958336278
20130225,-3.66,-12.68,0.0,0.26067187294637517
20130226,-3.24,-12.56,0.0,0.1678278404608241
20130227,-0.37,-3.67,0.0,0.17133055463408847
20130228,0.06,-1.86,2.96,0.20119003701400118
20130301,-0.4,-11.16,1.65,0.057379008420837596
20130302,-9.16,-23.03,0.0,0.34731016258095976
20130303,-8.65,-15.7,0.0,0.28553932075013655
20130304,-10.67,-18.88,0.0,0.39768143526439886
20130305,-6.38,-13.5,0.0,0.36000256626074495
20130306,0.05,-5.95,1.21,0.3285382040962875
20130307,-4.68,-10.59,0.0,0.5929189462196537
20130308,-7.25,-13.7,0.0,0.515150058365151
20130309,-8.51,-13.12,0.0,0.3583069814441187
20130310,-9.61,-19.5,0.0,0.461528433267452
20130311,-9.52,-18.74,0.0,0.34183942401733103
20130312,-6.82,-16.93,0.0,0.5445308119331462
20130313,-6.35,-14.35,0.0,0.5997436305190965
20130314,-6.61,-20.22,0.0,0.6326529219528765
20130315,-8.13,-21.64,0.0,0.5943465533104435
20130316,-7.06,-14.1,0.0,0.5358632005150422
20130317,-8.95,-18.2,0.0,0.5561984937820716
20130318,-9.26,-16.15,0.0,0.294891543532784
20130319,-7.49,-11.52,0.0,0.5251191331439085
20130320,-7.52,-13.63,0.0,0.6811569051585877
20130321,-9.01,-18.8,0.0,0.5917424321724305
20130322,-11.55,-20.94,0.0,0.5313048099897041
20130323,-3.79,-14.32,0.0,0.6392695691439189
20130324,-3.43,-12.1,0.0,0.906889703243292
20130325,-2.94,-12.69,0.0,1.0048661571352626
20130326,-1.66,-13.04,1.12,0.8753680098755132
20130327,-2.51,-10.25,0.0,1.0390251747861423
20130328,-0.67,-9.1,0.0,1.1839354022870874
20130329,0.02,-9.2,0.0,1.075507021989067
20130330,-0.77,-8.05,1.19,0.8699177363314915
20130331,-0.7,-6.63,1.02,0.7035364712630628
20130401,-1.67,-8.62,4.5,0.26308435532085345
20130402,-0.2,-9.27,1.84,0.5378417403606428
20130403,0.06,-8.99,0.0,1.4687430336653082
20130404,0.07,-9.02,0.0,0.9724925040142289
20130405,-0.59,-3.25,5.87,0.41334990327993176
20130406,0.08,-4.91,0.0,1.5500489802386184
20130407,0.05,-7.42,0.0,1.5976263558442878
20130408,-0.17,-5.35,1.76,0.987536508781766
20130409,0.03,-8.52,0.0,1.5121724909638452
20130410,0.12,-10.83,0.0,1.2839297157235756
20130411,0.2,-1.99,0.0,0.9975536760547815
20130412,0.34,-0.32,1.39,0.7211875063141278
20130413,0.44,-0.01,5.01,1.056911867189859
20130414,1.71,-1.5,0.0,0.4548649331958839
20130415,1.52,-2.36,0.0,1.2418294792511713
20130416,2.62,-1.64,0.0,1.4691423946672633
20130417,7.74,-1.92,1.91,1.8901156781011363
20130418,10.44,1.19,0.0,2.30287159411612
20130419,11.56,3.76,0.0,2.585618484277641
20130420,7.24,-0.3,1.48,1.0850500214466712
20130421,8.23,-2.9,0.0,2.478232134460652
20130422,11.68,-3.27,0.0,2.765904528599541
20130423,11.92,-0.36,7.74,2.0867594048976397
20130424,8.97,1.9,4.73,1.285698329816637
20130425,8.8,1.9,1.47,1.7915420062096759
20130426,7.47,0.56,3.43,1.6378465751202758
20130427,7.9,-1.35,0.0,0.606530860587251
20130428,8.65,-1.76,0.0,2.1218989556034464
20130429,10.33,-2.73,0.0,2.5065440348096897
20130430,9.75,2.96,4.87,1.496937282359506
20130501,11.73,2.11,0.0,2.4238103249203036
20130502,13.59,-0.7,0.0,3.0505957021969916
20130503,11.8,0.26,0.0,3.579924036084489
20130504,16.62,-0.79,0.0,3.672557666628012
20130505,14.04,2.21,0.0,2.9785965657480946
20130506,12.8,3.25,0.0,2.6479377965378834
20130507,17.05,1.98,0.0,2.8892958427331212
20130508,17.98,6.67,0.0,4.010587998125834
20130509,20.2,5.44,0.0,2.2528588664608633
20130510,19.98,12.08,3.06,1.9917516541821616
20130511,17.17,8.83,9.45,0.9290242156473159
20130512,16.83,5.65,0.0,2.073381090617125
20130513,21.33,10.19,4.53,3.203588143028449
20130514,19.43,10.3,1.35,3.3128464183221458
20130515,18.97,6.94,0.0,4.01508524168884
20130516,21.07,6.83,0.0,4.464896740198372
20130517,18.46,13.37,43.55,1.191517442276061
20130518,23.88,14.9,3.71,3.964030433889524
20130519,22.76,15.58,4.29,4.189548580798787
20130520,22.12,13.46,2.21,2.3037184144283414
20130521,20.56,10.54,0.0,4.846786952958071
20130522,14.65,9.41,6.92,2.7887670006836474
20130523,16.9,10.01,6.76,1.1600015883591404
20130524,19.22,9.37,0.0,1.530130250265901
20130525,13.67,9.31,1.6,1.187515782973185
20130526,16.62,11.25,7.68,1.1153485650260486
20130527,20.76,11.87,1.2,3.968546524040197
20130528,20.33,10.94,0.0,3.7797055738925303
20130529,22.22,12.65,2.13,4.257860040193377
20130530,21.48,11.62,1.92,3.463223950377551
20130531,22.22,10.51,0.0,3.9098544205225227
20130601,24.12,12.82,0.0,4.684531534280212
20130602,24.77,13.51,0.0,4.900129213828098
20130603,28.49,12.76,0.0,5.2479232124947135
20130604,30.39,15.02,0.0,4.41473045924032
20130605,23.76,14.48,0.0,4.4589988804792595
20130606,21.63,11.61,0.0,3.7706220850791534
20130607,20.7,10.39,0.0,3.9593493637416577
20130608,21.39,12.69,2.34,3.631751460261827
20130609,21.6,11.11,1.97,4.326659171525921
20130610,19.09,10.95,14.02,3.009991242755205
20130611,16.22,10.65,3.33,2.585445490336417
20130612,16.71,9.17,1.6,3.0816754515839757
20130613,19.26,8.72,0.0,3.2695701874647427
20130614,22.44,12.92,6.67,3.070397906499184
20130615,19.02,11.17,0.0,3.470962511766983
20130616,18.15,8.98,1.91,3.7529676747433576
20130617,16.36,9.54,4.56,3.2651925430565436
20130618,19.12,10.73,0.0,4.073317754436473
20130619,19.31,8.83,0.0,3.7957914870838
20130620,19.62,9.34,0.0,3.7347613317319865
20130621,23.05,12.31,0.0,4.95418869213416
20130622,24.28,10.91,0.0,5.598466787297082
20130623,23.75,12.44,0.0,3.3623277166776497
20130624,25.04,14.3,0.0,4.1790630142658465
20130625,29.62,16.14,1.35,4.747989316804846
20130626,28.91,18.14,3.06,5.006080819195848
20130627,25.08,17.42,3.84,4.903551310986713
20130628,23.18,13.78,0.0,3.3801631083370958
20130629,28.32,13.44,4.91,4.877328615914758
20130630,21.73,15.59,12.31,2.979171037249558
20130701,17.99,13.59,32.48,1.4959449551369117
20130702,20.62,12.26,0.0,4.3323764720084315
20130703,22.75,13.08,0.0,4.463913321190559
20130704,24.93,13.01,0.0,4.42980941167281
20130705,26.73,14.96,1.35,4.411050700381375
20130706,22.39,14.37,1.05,3.145118666147361
20130707,21.91,13.06,2.92,3.875668802580828
20130708,23.45,15.24,0.0,4.152070744761515
20130709,19.68,10.79,0.0,4.767326339053005
20130710,21.69,9.0,0.0,3.7492199735246614
20130711,22.11,12.31,0.0,2.900557275023135
20130712,21.3,12.45,0.0,3.858610478572715
20130713,23.1,10.9,0.0,4.440495943037393
20130714,24.19,10.76,0.0,4.3154307482581045
20130715,23.1,14.3,2.06,3.3982584151857123
20130716,19.85,11.12,0.0,3.469180883949597
20130717,18.55,9.91,0.0,3.5839673641484424
20130718,18.36,10.85,3.93,2.473958528165662
20130719,16.98,9.9,10.15,2.4624087253603095
20130720,14.91,9.08,7.98,1.8653421579119696
20130721,18.26,10.86,0.0,2.2830663484160225
20130722,17.83,11.76,21.67,1.261228599183568
20130723,19.65,16.38,10.07,2.687518546382344
20130724,20.72,15.26,2.45,1.709501498442901
20130725,19.08,13.36,1.71,1.067352480403022
20130726,21.03,12.74,0.0,3.0069647266170167
20130727,21.86,10.93,0.0,4.071264719554741
20130728,22.19,13.18,0.0,2.7142369716235577
20130729,23.56,12.8,0.0,4.435361603660656
20130730,23.12,11.44,0.0,4.308169019124207
20130731,24.19,13.23,1.14,3.8277578397158365
20130801,18.57,14.3,18.06,1.13735796768797
20130802,19.62,13.44,2.8,1.397212164191816
20130803,23.56,14.81,0.0,3.868896228386513
20130804,24.98,13.36,0.0,4.167549331339734
20130805,25.51,13.75,0.0,4.145006185216392
20130806,25.51,14.58,0.0,3.7498395959294704
20130807,25.29,15.0,0.0,4.1406233161363195
20130808,24.85,14.19,0.0,3.8490444901398404
20130809,26.72,17.37,1.97,2.697697057596705
20130810,21.91,15.73,0.0,2.9535455169760527
20130811,18.56,12.38,14.48,0.9030480615640614
20130812,18.48,11.63,2.48,2.485013062891734
20130813,19.42,11.21,1.47,3.0316314150270083
20130814,18.16,12.33,12.65,2.640424234000632
20130815,16.12,11.58,10.98,0.9170572607485824
20130816,19.68,12.23,0.0,3.0189431131944464
20130817,20.25,10.16,0.0,3.19036116983317
20130818,22.31,12.57,0.0,3.3504022148879566
20130819,20.4,13.95,1.6,2.7199848424301116
20130820,21.6,13.93,8.54,2.6150728741411675
20130821,20.14,11.9,8.81,2.1206506087381167
20130822,18.38,11.34,0.0,1.3267423776970215
20130823,17.32,8.63,0.0,3.125617543470671
20130824,17.3,8.15,0.0,2.4187442002229735
20130825,19.19,6.69,0.0,3.1850459342854758
20130826,18.77,8.91,0.0,2.6005121574774703
20130827,19.46,7.8,0.0,3.004400317623428
20130828,18.13,7.05,0.0,2.912913454652557
20130829,19.8,10.18,0.0,2.4790124927470782
20130830,18.75,9.86,1.04,1.7875273071990807
20130831,19.44,8.26,0.0,2.576519818946673
20130901,19.73,8.55,2.48,2.277479834664925
20130902,17.15,9.42,2.73,1.4176791156686908
20130903,16.55,7.42,0.0,1.118098696006707
20130904,17.23,7.63,0.0,2.534180381554423
20130905,17.14,6.63,0.0,2.102744147078603
20130906,16.17,4.61,0.0,2.7031980314620654
20130907,17.86,6.94,0.0,2.689979338988576
20130908,19.94,8.83,0.0,1.7062754630313506
20130909,16.71,8.05,1.34,1.4370814532168974
20130910,16.47,7.36,0.0,1.5074076391556297
20130911,17.13,7.87,0.0,1.6089487237335653
20130912,18.7,7.51,0.0,2.205914881074732
20130913,17.94,7.76,0.0,2.0244505270031494
20130914,16.22,5.73,0.0,1.8102647580362459
20130915,16.09,5.83,0.0,1.5280312730011647
20130916,13.62,6.25,0.0,0.603884921130683
20130917,14.12,5.83,0.0,0.5212577996940195
20130918,17.13,7.73,0.0,1.0562591285114054
20130919,17.01,9.4,0.0,0.7537427536832395
20130920,16.18,10.18,1.38,0.3011001776246133
20130921,15.74,8.76,0.0,0.8749884282653285
20130922,15.3,8.4,7.07,1.202134055465329
20130923,12.0,7.64,9.07,0.5968725256374919
20130924,9.08,3.36,1.45,0.8049260313522986
20130925,5.88,1.58,1.09,0.5361158446618741
20130926,6.51,1.67,1.75,0.2597386789192143
20130927,6.94,2.69,1.39,0.3400113004144073
20130928,8.5,2.15,2.73,0.4939721765272599
20130929,6.45,0.97,0.0,0.3912627978136411
20130930,5.59,-0.16,0.0,0.43994536793779904
20131001,5.81,-1.01,0.0,0.33858114952545765
20131002,6.45,-1.1,0.0,0.4960829649576434
20131003,9.85,1.17,0.0,0.4535772881620857
20131004,9.4,4.17,0.0,0.5336673473184184
20131005,10.32,3.3,0.0,1.063354295933993
20131006,8.35,4.0,1.92,0.04077874718635862
20131007,10.34,5.95,2.85,0.05120788178446097
20131008,13.86,9.04,6.13,0.33301110725856936
20131009,11.27,9.45,4.6,0.45386096365628864
20131010,12.69,6.0,0.0,0.2908546976873806
20131011,10.16,3.35,1.02,0.07501830223910522
20131012,10.18,2.37,0.0,0.7301688556088863
20131013,8.63,-1.04,0.0,0.27816123131842774
20131014,7.27,-3.31,0.0,0.7123447521025005
20131015,7.5,1.16,1.51,0.009279117693897842
20131016,6.2,-2.53,0.0,0.5464337644855352
20131017,4.32,-2.27,0.0,0.39115332386001006
20131018,6.2,0.08,13.13,0.0
20131019,3.75,-1.91,1.46,0.20409153064180183
20131020,3.97,-4.16,0.0,0.45355065398660366
20131021,3.39,-4.35,0.0,0.4856379800686532
20131022,2.08,-2.92,0.0,0.2799129689528355
20131023,5.26,-1.69,3.75,0.2806340269428574
20131024,9.86,5.58,7.77,0.3132869233195629
20131025,8.31,6.0,2.43,0.0
20131026,7.31,3.59,5.6,0.0
20131027,10.66,7.48,2.75,0.0
20131028,11.65,8.98,6.48,0.0
20131029,10.19,7.98,7.27,0.3655015447807809
20131030,8.64,5.74,2.42,0.0
20131031,6.51,3.46,0.0,0.26627493454821843
20131101,5.72,4.8,4.71,0.2568590662573897
20131102,7.44,4.71,5.48,0.06645529041125783
20131103,7.48,4.08,3.69,0.0
20131104,6.95,3.42,16.43,0.27248704529507073
20131105,6.12,3.1,3.85,0.2280957575426621
20131106,4.94,3.9,2.8,0.20701467815950503
20131107,4.66,3.14,0.0,0.0
20131108,4.96,3.0,3.23,0.18186603706362817
20131109,4.45,0.96,6.57,0.0
20131110,6.0,0.88,2.74,0.0
20131111,3.81,0.13,0.0,0.0
20131112,3.39,-0.62,2.39,0.15249149705932746
20131113,3.72,2.8,3.48,0.1861855658765689
20131114,2.98,1.81,0.0,0.0
20131115,3.37,1.5,0.0,0.0
20131116,6.19,2.6,5.34,0.1642895600882041
20131117,7.12,1.2,0.0,0.12142950784870143
20131118,1.32,-2.52,0.0,0.06795418082345027
20131119,1.8,-0.77,1.48,0.18335942116095458
20131120,3.45,1.9,4.52,0.13068062817701984
20131121,3.15,2.55,4.97,0.17549967347413478
20131122,3.42,2.29,1.58,0.20511812822322312
20131123,3.12,1.67,1.37,0.13758435720283085
20131124,2.19,-5.18,0.0,0.0
20131125,-0.2,-5.23,0.0,0.0
20131126,-1.77,-5.08,0.0,0.0
20131127,2.07,-5.1,6.46,0.0
20131128,2.37,-0.74,1.64,0.0
20131129,-0.81,-6.26,0.0,0.0
20131130,-2.7,-8.38,1.49,0.0
20131201,-0.43,-6.12,4.99,0.09802579476220076
20131202,-1.72,-10.39,1.01,0.0
20131203,1.1,-7.24,4.34,0.09070358163613516
20131204,1.03,-5.13,0.0,0.0
20131205,-0.74,-7.06,1.74,0.06089925585135758
20131206,-0.49,-3.06,2.74,0.0
20131207,-2.54,-8.1,1.47,0.0
20131208,-4.98,-12.3,0.0,0.0
20131209,-10.15,-15.18,0.0,0.0
20131210,-7.7,-13.75,2.45,0.0
20131211,0.04,-7.38,3.02,0.0
20131212,0.93,-0.39,0.0,0.0
20131213,2.56,-3.77,0.0,0.0
20131214,-3.99,-9.32,0.0,0.0
20131215,-6.1,-9.58,0.0,0.0
20131216,0.63,-5.82,2.32,0.0
20131217,3.43,0.74,3.82,0.0
20131218,1.08,-0.38,0.0,0.0
20131219,-0.56,-2.41,0.0,0.0
20131220,0.03,-1.63,0.0,0.11133458930005963
20131221,0.65,-0.97,1.97,0.0
20131222,3.29,0.21,2.83,0.059393428954298375
20131223,2.44,1.15,2.33,0.0
20131224,1.79,0.01,2.35,0.0
20131225,1.19,-0.37,0.0,0.0
20131226,0.62,-0.9,1.37,0.0
20131227,0.39,-0.49,1.0,0.07915744847377137
20131228,1.46,0.35,0.0,0.0
20131229,1.41,0.19,3.79,0.12129921266759416
20131230,2.93,0.29,2.7,0.0
20131231,1.3,-1.29,0.0,0.0
20140101,-1.17,-2.82,0.0,0.0
20140102,-2.07,-3.23,0.0,0.0
20140103,-2.31,-3.6,0.0,0.11406045666234375
20140104,-1.37,-2.4,1.15,0.0
20140105,0.96,-1.84,1.49,0.0
20140106,-0.54,-2.55,0.0,0.0
20140107,0.25,-2.58,5.88,0.0
20140108,2.19,0.29,6.83,0.0
20140109,1.95,0.91,3.23,0.0
20140110,1.05,-2.05,12.2,0.12584381604385086
20140111,-2.99,-7.74,1.05,0.0
20140112,-6.93,-10.18,0.0,0.0
20140113,-9.1,-12.67,0.0,0.0
20140114,-8.99,-14.45,0.0,0.0
20140115,-10.2,-17.32,0.0,0.0
20140116,-10.88,-15.28,0.0,0.0
20140117,-11.89,-17.27,0.0,0.0
20140118,-14.01,-19.6,0.0,0.0
20140119,-10.74,-18.17,0.0,0.0
20140120,-10.56,-15.26,0.0,0.0
20140121,-8.67,-12.02,0.0,0.0
20140122,-11.44,-16.69,0.0,0.0
20140123,-14.28,-18.06,0.0,0.005669508505985965
20140124,-11.49,-15.87,0.0,0.0020174373379465284
20140125,-8.2,-12.72,0.0,0.0
20140126,-9.48,-14.24,0.0,0.07541264778751493
20140127,-12.25,-16.33,0.0,0.0
20140128,-11.95,-20.6,0.0,0.0497150826389613
20140129,-15.42,-23.2,0.0,0.04523257315823981
20140130,-16.81,-25.85,0.0,0.04697690660774654
20140131,-13.35,-24.59,0.0,0.05327877252750803
20140201,-8.34,-12.67,5.78,0.0
20140202,-6.19,-9.04,2.74,0.0
20140203,-6.93,-8.63,3.01,0.12255917101033276
20140204,-2.62,-7.51,0.0,0.12492589072807905
20140205,-6.19,-9.44,0.0,0.0
20140206,-7.4,-11.23,0.0,0.0
20140207,-5.38,-11.57,0.0,0.0
20140208,-0.99,-5.15,2.08,0.15614304103719637
20140209,-0.29,-4.37,0.0,0.0
20140210,-0.06,-1.91,1.88,0.20438815368835325
20140211,0.03,-1.64,1.52,0.193799508315145
20140212,-0.56,-2.6,4.16,0.0
20140213,-0.07,-5.31,4.91,0.0
20140214,-0.49,-5.6,0.0,0.18280351621653754
20140215,-0.74,-5.93,0.0,0.0
20140216,-0.26,-4.95,6.43,0.21794544344554065
20140217,0.08,-0.03,3.46,0.0
20140218,0.04,-0.86,3.24,0.0
20140219,-1.13,-6.44,0.0,0.0
20140220,-3.73,-11.23,0.0,0.0
20140221,-3.58,-13.85,0.0,0.03376883115201055
20140222,0.09,-4.39,3.39,0.0
20140223,0.11,-2.84,0.0,0.0
20140224,0.27,0.05,0.0,0.3467087331151548
20140225,0.2,-3.93,0.0,0.07870924480343608
20140226,0.15,-7.98,0.0,0.3900038864868512
20140227,0.01,-9.5,0.0,0.34793649649237945
20140228,0.19,-9.27,0.0,0.38334223257452404
20140301,-0.0,-9.89,0.0,0.06620692139692592
20140302,0.13,-3.5,0.0,0.3359047587047774
20140303,0.12,-2.37,0.0,0.046917043239370224
20140304,0.57,-4.18,0.0,0.3028935393771746
20140305,0.15,-5.57,0.0,0.1276567874828279
20140306,0.18,-6.63,0.0,0.038880943506692495
20140307,0.72,-1.81,0.0,0.45952493916586723
20140308,1.47,-0.42,0.0,0.08255241877126712
20140309,4.3,-1.91,0.0,0.3321804288128169
20140310,7.15,-0.02,0.0,0.8824510351852167
20140311,5.07,-0.7,0.0,0.687176166054715
20140312,6.88,-1.96,0.0,0.9115636792882615
20140313,7.8,0.83,0.0,0.9694128144457946
20140314,4.94,-1.28,0.0,1.264770999722067
20140315,0.72,-1.25,12.89,0.39265735066458135
20140316,-0.56,-9.37,3.92,0.22326640716943297
20140317,-1.85,-11.25,0.0,0.5708022508112083
20140318,-1.17,-9.02,0.0,0.666296052301548
20140319,-0.73,-8.24,4.35,0.4680594772074514
20140320,-1.02,-9.27,1.71,0.6155466034136627
20140321,6.15,-4.35,1.0,0.743058830211403
20140322,6.63,-0.46,0.0,1.2856701915732636
20140323,4.09,-1.09,5.37,0.21824684998478608
20140324,6.3,-0.24,0.0,0.9622636525764439
20140325,7.0,-2.13,0.0,0.8558073505507483
20140326,6.51,-3.32,0.0,1.7477166953321714
20140327,8.98,-4.5,0.0,1.5666551303595455
20140328,4.19,-3.8,0.0,1.586343635965347
20140329,5.14,-3.95,0.0,0.9627519044337458
20140330,5.81,-1.81,1.32,1.1183755236964248
20140331,0.22,-3.82,0.0,0.9353285746451659
20140401,2.44,-4.77,1.12,0.9510424354953628
20140402,1.98,-4.37,0.0,0.831652363385156
20140403,2.01,-2.27,2.07,0.6915427890263037
20140404,1.77,-3.52,0.0,1.3586176714196767
20140405,5.78,-5.3,0.0,1.4115649502773262
20140406,2.42,-0.95,5.72,0.6145085130743434
20140407,6.35,-0.65,0.0,1.9481820129244463
20140408,5.62,-4.55,0.0,2.0083803447654507
20140409,4.15,-4.5,0.0,1.984639658089641
20140410,5.08,-4.77,0.0,2.144313405327093
20140411,7.15,-3.48,0.0,2.098309313006102
20140412,6.76,0.34,4.39,0.6586752937692197
20140413,8.69,3.07,4.73,1.1864312097807808
20140414,8.76,2.94,1.9,0.7959961496255431
20140415,10.38,1.31,0.0,1.5936559976260154
20140416,8.25,-2.33,0.0,2.2403084218459997
20140417,8.75,-2.9,0.0,1.7270912056282286
20140418,13.25,0.56,0.0,2.5291314412660766
20140419,15.42,-0.06,0.0,2.804591364880585
20140420,15.58,0.06,0.0,3.1402658310456544
20140421,19.59,1.36,0.0,3.23722418140644
20140422,18.54,5.82,0.0,3.2726183420523114
20140423,9.01,-1.05,0.0,3.109549234651258
20140424,9.26,-3.3,0.0,2.849345933194202
20140425,11.89,-2.04,0.0,3.0245810401464444
20140426,15.44,-0.31,0.0,3.0078096479564365
20140427,16.08,2.44,0.0,3.1885275202227215
20140428,16.72,3.65,0.0,3.253763344996806
20140429,12.76,5.12,0.0,1.9908021938366374
20140430,10.99,1.84,0.0,2.8837905445738508
20140501,8.15,-2.36,10.75,0.9718927659032538
20140502,5.78,-0.38,0.0,1.7062976323434842
20140503,7.82,-0.93,0.0,1.9397913768642783
20140504,8.06,0.45,3.19,1.7233793709874232
20140505,7.89,2.2,5.68,1.303573139576378
20140506,7.11,-1.38,0.0,1.8677638382921216
20140507,9.99,-3.04,0.0,2.21792800332153
20140508,9.46,1.13,10.86,0.9107111995850519
20140509,14.37,4.23,7.8,1.7204980991174614
20140510,18.62,10.65,6.21,2.4761017193055905
20140511,11.19,6.99,5.98,1.0294091399847145
20140512,14.59,8.04,12.67,0.985181459436758
20140513,17.81,7.69,9.98,2.001203059454387
20140514,9.4,1.37,0.0,1.2048281024830174
20140515,12.33,-0.2,0.0,2.488791500400419
20140516,16.07,-0.24,0.0,3.7237165520385513
20140517,19.65,7.22,0.0,4.589658493051952
20140518,23.65,5.38,0.0,4.4169405418373255
20140519,25.5,14.08,1.76,4.716109587112629
20140520,27.48,17.65,1.22,4.952892835804734
20140521,23.35,14.86,3.43,3.7597541970769544
20140522,21.11,11.36,0.0,3.2122427912810214
20140523,24.56,10.93,0.0,5.027083022203863
20140524,26.47,11.28,0.0,5.275165185069174
20140525,23.92,15.65,0.0,3.466803098017671
20140526,23.17,11.59,0.0,4.238612335212167
20140527,13.39,7.57,4.06,1.2579937550627696
20140528,11.3,7.05,28.09,1.049318420005197
20140529,14.31,9.91,6.12,1.1645986242133246
20140530,14.87,9.55,9.83,1.3109233643850806
20140531,16.78,8.91,0.0,2.9431105223182397
20140601,14.95,10.29,8.51,1.4407860057892559
20140602,17.73,11.6,7.93,1.6770147797888704
20140603,24.01,13.56,4.06,3.4874257053671265
20140604,25.69,13.4,0.0,5.310746615635854
20140605,26.8,12.52,0.0,4.726836115485939
20140606,26.62,15.52,0.0,5.004116389704674
20140607,21.3,13.26,6.49,2.69026469132953
20140608,19.97,10.83,1.29,3.5669507924294668
20140609,20.59,10.05,0.0,3.4960060840388696
20140610,17.61,9.23,0.0,2.440197077302811
20140611,19.31,8.14,0.0,4.33322205158316
20140612,18.73,8.41,1.92,3.0867352171559994
20140613,16.63,10.53,5.31,2.918241132575769
20140614,19.58,9.11,1.81,3.763753318002031
20140615,14.54,7.1,0.0,3.8132699177649614
20140616,16.19,6.08,1.65,3.0871240408355205
20140617,9.4,3.87,3.37,2.8567094019524
20140618,13.02,3.83,4.97,2.7986317959174785
20140619,15.63,7.51,4.67,2.7578933844962945
20140620,15.79,9.63,13.79,1.992505521331697
20140621,12.6,4.77,3.47,2.3409806488938716
20140622,16.33,3.01,0.0,3.3580225465147944
20140623,13.45,7.3,6.4,1.416321339664255
20140624,12.78,5.26,3.17,2.033404720112032
20140625,14.14,7.4,2.15,2.3136590503838903
20140626,13.62,5.62,0.0,2.668544234287905
20140627,15.55,4.13,0.0,2.456106666654645
20140628,17.4,6.41,0.0,3.8409701497424535
20140629,15.42,6.33,17.74,2.3997845619388047
20140630,19.45,11.55,15.45,1.5318604341860196
20140701,19.74,12.02,4.19,2.1932066954681413
20140702,17.68,11.16,1.41,1.8898305475600345
20140703,17.52,9.9,1.28,3.352147205874607
20140704,17.9,11.58,4.7,1.5873642676561326
20140705,19.59,11.85,0.0,4.084050599756719
20140706,23.3,10.85,0.0,5.148267524159622
20140707,24.53,11.85,0.0,4.924225129229136
20140708,24.26,12.81,0.0,5.207152720459422
20140709,25.19,12.76,1.67,4.238373582381655
20140710,16.47,9.16,0.0,3.634015246896964
20140711,16.75,7.96,0.0,4.8009704146443175
20140712,22.39,9.55,0.0,4.258450416004582
20140713,25.06,14.48,0.0,5.231013000774835
20140714,24.62,17.79,5.53,3.943060701141814
20140715,25.19,15.88,1.98,4.1642417653067065
20140716,23.87,15.51,0.0,4.25015200941312
20140717,22.02,14.44,0.0,4.211335406405241
20140718,25.58,13.48,0.0,3.830776103323527
20140719,24.2,13.35,2.07,4.664048454575899
20140720,24.14,13.12,0.0,4.64368108279644
20140721,22.58,14.48,0.0,4.107939213280742
20140722,23.58,13.44,0.0,4.370621531414804
20140723,24.18,13.21,2.36,4.246887463471752
20140724,24.69,15.21,0.0,4.741667260637863
20140725,25.76,13.55,0.0,4.836698366861566
20140726,29.59,15.77,0.0,4.8897074897356365
20140727,27.88,16.97,0.0,4.591863869669553
20140728,26.5,16.45,0.0,3.94360935876529
20140729,23.32,18.41,3.95,3.5448120700831467
20140730,26.16,17.34,1.1,3.6287875809098655
20140731,28.19,17.65,0.0,4.429099519815893
20140801,24.08,15.62,0.0,3.394553318414779
20140802,25.14,15.19,0.0,4.271985317182912
20140803,25.7,15.59,0.0,4.459800628122644
20140804,26.18,14.42,0.0,4.55333416095964
20140805,27.91,13.99,0.0,4.370852058160012
20140806,25.08,14.55,0.0,4.6783825014024725
20140807,29.5,14.2,0.0,4.088097422290137
20140808,29.88,15.96,2.8,3.1017458329164977
20140809,24.9,13.79,3.26,3.7812854238011337
20140810,25.01,14.87,0.0,3.4972336415393612
20140811,25.44,15.15,0.0,3.5886492096836076
20140812,22.76,16.08,5.6,1.5460376179927766
20140813,20.41,13.2,3.29,2.58236368539331
20140814,18.44,11.44,9.55,1.3202352208976271
20140815,20.4,12.75,2.19,1.763700435619021
20140816,17.9,13.01,4.04,2.4832742530926204
20140817,19.55,12.18,3.23,2.4391393221086775
20140818,19.59,11.09,0.0,2.5758770836933405
20140819,18.72,12.46,5.26,1.4047769821017946
20140820,18.5,10.73,0.0,2.906661306199862
20140821,18.44,10.15,1.12,2.5894942764621884
20140822,16.93,10.4,2.45,1.805263237999386
20140823,17.77,9.15,0.0,2.4071232789013695
20140824,18.72,11.04,1.96,1.9496053756996379
20140825,14.64,12.06,16.74,0.9827570456434269
20140826,14.61,10.83,10.73,0.9450198002153463
20140827,11.66,8.77,13.06,0.8675233073224988
20140828,16.53,8.46,0.0,1.3536945477766589
20140829,13.26,7.86,3.75,1.1752370109754307
20140830,14.48,7.58,0.0,1.3571754872603972
20140831,14.79,7.51,1.36,1.0933849877216053
20140901,15.55,7.6,0.0,0.7218308660678439
